"estudiante","puntaje","puntaje_c","beca","edad","mujer","promedio_secundaria","ingreso_hogar","creditos","permanencia"
"E0001",64.9,14.9,1,18,0,9.3,275,36,1
"E0002",52.17,2.17,1,19,1,7.5,311,38,1
"E0003",19.64,-30.36,0,18,1,6.7,459,34,0
"E0004",31.05,-18.95,0,19,0,6.9,496,35,1
"E0005",70.37,20.37,1,18,1,7,387,30,1
"E0006",66.9,16.9,1,18,0,7,365,32,1
"E0007",31.36,-18.64,0,19,1,8.4,385,22,0
"E0008",66.35,16.35,1,17,1,8.5,289,39,0
"E0009",28.68,-21.32,0,18,1,9.2,435,21,0
"E0010",68.65,18.65,1,18,1,7.6,267,31,0
"E0011",31.59,-18.41,0,19,1,7.4,475,20,1
"E0012",67.64,17.64,1,19,0,6.7,379,29,1
"E0013",77.75,27.75,1,17,0,9.1,347,30,1
"E0014",69.87,19.87,1,18,1,7.8,358,32,1
"E0015",70.72,20.72,1,18,1,8.7,374,21,1
"E0016",71.95,21.95,1,20,1,7.1,332,19,0
"E0017",86.91,36.91,1,19,1,5.1,242,41,1
"E0018",52.89,2.89,1,19,0,7.6,396,31,1
"E0019",49.57,-0.43,0,18,0,6.9,378,31,0
"E0020",34.01,-15.99,0,19,0,6.6,518,15,1
"E0021",87.93,37.93,1,18,1,8.7,271,22,1
"E0022",24.78,-25.22,0,19,0,8,429,33,1
"E0023",34.24,-15.76,0,20,1,9.1,528,35,1
"E0024",66.61,16.61,1,18,1,6.5,442,25,1
"E0025",48.99,-1.01,0,20,1,8,423,29,1
"E0026",78.55,28.55,1,18,0,7,307,38,1
"E0027",32.14,-17.86,0,18,0,6.4,289,37,1
"E0028",39.71,-10.29,0,19,1,8,337,29,0
"E0029",32.26,-17.74,0,18,1,8.2,412,32,0
"E0030",54.29,4.29,1,19,1,6.1,411,30,1
"E0031",11.75,-38.25,0,20,1,7.9,442,30,1
"E0032",21.52,-28.48,0,19,1,8.5,449,35,0
"E0033",63.04,13.04,1,20,0,7.9,412,31,1
"E0034",39.34,-10.66,0,18,1,8,359,32,0
"E0035",63.5,13.5,1,19,1,6.9,417,31,1
"E0036",81.68,31.68,1,20,1,7.7,323,35,1
"E0037",42.88,-7.12,0,18,0,7.8,460,29,0
"E0038",68.61,18.61,1,19,0,7.4,364,43,1
"E0039",46.15,-3.85,0,19,1,7.1,406,27,1
"E0040",60.47,10.47,1,19,1,8.8,349,21,1
"E0041",83.64,33.64,1,17,0,6.9,374,23,1
"E0042",86.36,36.36,1,17,0,8.7,374,30,1
"E0043",59.64,9.64,1,17,0,8.5,394,30,0
"E0044",49.31,-0.689999999999998,0,20,0,7.9,437,29,1
"E0045",57.15,7.15,1,19,1,7.1,305,36,1
"E0046",88.86,38.86,1,19,1,5.1,278,16,1
"E0047",22.13,-27.87,0,18,1,8.8,504,33,1
"E0048",81.86,31.86,1,19,0,6.7,270,34,1
"E0049",64.93,14.93,1,19,0,9.6,315,32,1
"E0050",64.03,14.03,1,18,1,8.7,385,34,1
"E0051",46.42,-3.58,0,19,1,8,410,21,1
"E0052",85.32,35.32,1,18,0,7.9,350,16,0
"E0053",72.06,22.06,1,18,0,6.8,303,33,1
"E0054",55.51,5.51,1,17,1,7.2,441,39,1
"E0055",83.26,33.26,1,20,0,7.8,347,26,1
"E0056",88.29,38.29,1,17,1,6.4,332,29,0
"E0057",34.61,-15.39,0,19,1,7.9,496,23,1
"E0058",58.65,8.65,1,19,1,7.1,351,33,1
"E0059",53.59,3.59,1,20,0,7.7,281,34,1
"E0060",45.2,-4.8,0,19,0,6.1,473,24,1
"E0061",28.17,-21.83,0,19,1,7.1,399,25,0
"E0062",89.31,39.31,1,20,1,4.8,285,29,1
"E0063",51.57,1.57,1,17,1,8.1,483,34,1
"E0064",12.31,-37.69,0,18,0,8.9,475,34,1
"E0065",76.9,26.9,1,18,1,6.1,345,27,1
"E0066",65.24,15.24,1,18,1,8,311,26,1
"E0067",31.09,-18.91,0,20,1,8.9,343,25,0
"E0068",23.49,-26.51,0,19,0,7.6,429,38,1
"E0069",40.56,-9.44,0,19,0,8.1,324,34,0
"E0070",47.58,-2.42,0,18,1,6.5,362,32,0
"E0071",35.44,-14.56,0,17,1,6.9,437,31,1
"E0072",64.08,14.08,1,18,1,6.3,332,30,1
"E0073",68.9,18.9,1,19,1,7.8,399,35,1
"E0074",51.22,1.22,1,20,1,9.3,393,29,1
"E0075",45.34,-4.66,0,18,1,6.8,377,28,0
"E0076",38.78,-11.22,0,18,0,6.9,382,23,0
"E0077",80.01,30.01,1,20,1,6.6,258,36,0
"E0078",53.06,3.06,1,19,0,8.6,413,33,1
"E0079",68.51,18.51,1,18,1,7.9,399,29,1
"E0080",27.73,-22.27,0,19,1,8.6,357,27,1
"E0081",51.61,1.61,1,19,0,7,359,37,0
"E0082",85.3,35.3,1,19,1,6.1,331,40,1
"E0083",14.63,-35.37,0,18,1,8.9,440,37,1
"E0084",31.12,-18.88,0,19,0,6.7,394,32,0
"E0085",70.8,20.8,1,19,1,5.8,266,32,1
"E0086",63.01,13.01,1,19,0,7,325,38,1
"E0087",42.52,-7.48,0,19,1,7.3,483,33,1
"E0088",21.92,-28.08,0,19,0,7.7,412,32,1
"E0089",15.13,-34.87,0,20,1,8.9,545,34,1
"E0090",81.39,31.39,1,20,0,7.4,227,31,1
"E0091",80.45,30.45,1,17,0,6.5,295,44,1
"E0092",86,36,1,18,0,6.5,305,24,1
"E0093",37.56,-12.44,0,19,0,7.3,436,38,1
"E0094",78.58,28.58,1,19,0,6.7,211,32,1
"E0095",68.17,18.17,1,18,1,8.5,313,25,1
"E0096",29.8,-20.2,0,18,0,6.5,538,39,1
"E0097",36.45,-13.55,0,19,1,8.6,378,32,1
"E0098",16.67,-33.33,0,18,1,7.2,421,30,1
"E0099",16.12,-33.88,0,17,1,7.4,439,31,0
"E0100",56.82,6.82,1,19,0,6.1,345,39,1
"E0101",64.53,14.53,1,18,1,7.4,403,37,1
"E0102",20.58,-29.42,0,17,1,7.4,399,21,1
"E0103",75.01,25.01,1,20,1,6.6,378,38,1
"E0104",41.02,-8.98,0,17,1,7.5,466,31,0
"E0105",46.36,-3.64,0,18,0,8.4,446,25,1
"E0106",16.43,-33.57,0,18,1,8.2,421,27,1
"E0107",78.24,28.24,1,17,1,7.7,197,31,0
"E0108",83.65,33.65,1,20,1,6,158,26,1
"E0109",13.91,-36.09,0,18,0,8.1,413,34,1
"E0110",25.19,-24.81,0,17,1,7.9,381,30,0
"E0111",16.69,-33.31,0,18,1,8.6,419,32,1
"E0112",71.02,21.02,1,20,0,6.5,314,37,1
"E0113",23.79,-26.21,0,19,1,5.9,432,32,1
"E0114",34.56,-15.44,0,17,1,7.8,378,33,0
"E0115",85.14,35.14,1,20,0,6.7,343,25,1
"E0116",37.41,-12.59,0,17,0,7.1,359,30,1
"E0117",78.98,28.98,1,18,0,5.8,404,23,1
"E0118",70.42,20.42,1,17,1,5.7,397,30,1
"E0119",39.13,-10.87,0,17,1,7.6,341,26,1
"E0120",61.89,11.89,1,19,0,8.3,382,34,1
"E0121",10.05,-39.95,0,18,0,9.5,542,38,0
"E0122",26.9,-23.1,0,20,1,8,488,27,1
"E0123",23.89,-26.11,0,19,0,9.6,345,31,1
"E0124",25.95,-24.05,0,19,1,9.4,376,28,0
"E0125",35.31,-14.69,0,17,1,8.2,417,32,1
"E0126",86.45,36.45,1,19,0,8.7,273,26,1
"E0127",71.25,21.25,1,19,0,8.1,362,37,1
"E0128",43.14,-6.86,0,19,0,9.5,490,22,0
"E0129",48.41,-1.59,0,18,1,7.8,353,31,1
"E0130",36.84,-13.16,0,18,1,8.5,485,35,0
"E0131",25.14,-24.86,0,19,0,8.8,460,36,0
"E0132",89.82,39.82,1,18,0,6.5,233,24,1
"E0133",63.49,13.49,1,19,1,7.3,410,29,0
"E0134",20.77,-29.23,0,18,1,7.1,449,39,0
"E0135",55.34,5.34,1,17,1,6.1,413,36,1
"E0136",17.92,-32.08,0,19,0,8.4,507,36,1
"E0137",43.43,-6.57,0,18,1,6.7,292,31,1
"E0138",63.95,13.95,1,18,0,9.1,326,38,1
"E0139",10.9,-39.1,0,18,1,8.6,442,25,1
"E0140",78.54,28.54,1,19,1,9,304,33,0
"E0141",85.48,35.48,1,19,1,8.2,287,36,1
"E0142",13.76,-36.24,0,19,1,5.8,456,33,0
"E0143",35.24,-14.76,0,19,1,6.7,377,27,0
"E0144",88.97,38.97,1,17,0,7.9,292,30,0
"E0145",46.29,-3.71,0,18,0,7.3,389,32,1
"E0146",45.84,-4.16,0,20,1,7.6,408,37,0
"E0147",64.45,14.45,1,18,0,8,396,28,1
"E0148",35.33,-14.67,0,18,0,5.3,358,36,1
"E0149",10.38,-39.62,0,19,1,7.5,461,37,1
"E0150",21.63,-28.37,0,18,1,7.8,471,29,1
"E0151",14.95,-35.05,0,19,0,6.5,449,32,1
"E0152",83.47,33.47,1,18,0,7.5,281,26,1
"E0153",16.41,-33.59,0,19,0,7.3,437,36,0
"E0154",50.15,0.149999999999999,1,20,1,9.4,422,35,1
"E0155",40.63,-9.37,0,19,0,7.2,350,25,1
"E0156",61.45,11.45,1,19,0,7.5,361,28,1
"E0157",53.09,3.09,1,18,0,5.2,385,33,1
"E0158",46.24,-3.76,0,17,0,6.7,403,28,0
"E0159",29.37,-20.63,0,20,0,8.9,383,41,0
"E0160",62.01,12.01,1,18,0,7.1,341,27,1
"E0161",10.17,-39.83,0,17,1,8.2,522,34,1
"E0162",33.66,-16.34,0,18,1,7.4,440,31,1
"E0163",43.99,-6.01,0,20,1,6.7,378,36,1
"E0164",32.91,-17.09,0,17,1,8.5,397,28,1
"E0165",42.04,-7.96,0,18,1,9,358,25,0
"E0166",23.46,-26.54,0,20,0,7.9,379,31,1
"E0167",81.4,31.4,1,17,0,5.7,277,41,1
"E0168",57.71,7.71,1,18,1,8.1,440,25,0
"E0169",44.44,-5.56,0,19,0,7.1,382,33,1
"E0170",77.94,27.94,1,17,1,7.9,295,32,1
"E0171",30.94,-19.06,0,18,1,6.9,383,19,1
"E0172",47.62,-2.38,0,18,1,8.1,411,33,1
"E0173",63.06,13.06,1,18,0,6.9,406,28,1
"E0174",69.33,19.33,1,19,1,6.8,291,32,0
"E0175",79.45,29.45,1,17,0,7.2,275,39,0
"E0176",61.48,11.48,1,20,1,6.4,293,29,1
"E0177",51.86,1.86,1,20,1,7.6,357,38,1
"E0178",47.48,-2.52,0,19,1,6.6,390,29,0
"E0179",17.38,-32.62,0,18,0,8.4,447,34,0
"E0180",10.04,-39.96,0,17,0,7.6,392,30,1
"E0181",52.88,2.88,1,19,0,7.6,279,39,1
"E0182",40.99,-9.01,0,18,1,6.3,379,27,1
"E0183",13.03,-36.97,0,20,1,9.5,439,35,1
"E0184",56.88,6.88,1,18,1,6.3,267,41,1
"E0185",83.58,33.58,1,18,0,8.7,341,37,1
"E0186",67.71,17.71,1,19,1,7.3,295,32,1
"E0187",77.45,27.45,1,19,0,7.3,366,28,1
"E0188",87.16,37.16,1,19,1,6.8,300,24,1
"E0189",15.61,-34.39,0,20,0,8.9,379,31,1
"E0190",36.01,-13.99,0,19,1,9.4,338,23,1
"E0191",38.68,-11.32,0,19,1,7.5,420,37,1
"E0192",16.25,-33.75,0,18,0,7.9,443,39,0
"E0193",17.95,-32.05,0,18,0,7.2,431,37,0
"E0194",23.92,-26.08,0,18,0,7.8,382,36,1
"E0195",74.98,24.98,1,20,0,6.2,326,40,1
"E0196",40.61,-9.39,0,18,1,8,480,28,0
"E0197",75.16,25.16,1,18,1,7.3,377,32,1
"E0198",64.71,14.71,1,19,1,5.8,372,37,1
"E0199",27,-23,0,19,1,8.5,495,39,0
"E0200",38.54,-11.46,0,18,0,6.5,425,31,1
"E0201",36.3,-13.7,0,20,0,6.1,415,26,1
"E0202",40.86,-9.14,0,20,0,6.7,376,26,1
"E0203",20.9,-29.1,0,18,0,9.3,439,39,0
"E0204",51.78,1.78,1,19,1,6.8,362,29,1
"E0205",27.49,-22.51,0,19,0,7.4,444,41,0
"E0206",39.01,-10.99,0,18,1,6.9,412,19,1
"E0207",33.8,-16.2,0,18,0,7.4,360,38,1
"E0208",41.94,-8.06,0,18,1,8.2,324,27,1
"E0209",79.82,29.82,1,19,1,7,405,31,1
"E0210",75.35,25.35,1,17,1,6.8,322,25,1
"E0211",59.6,9.6,1,20,0,6.2,311,42,0
"E0212",35.53,-14.47,0,20,0,5.8,303,34,1
"E0213",14,-36,0,17,1,7.1,509,21,0
"E0214",13.19,-36.81,0,17,1,6.5,454,29,0
"E0215",36.12,-13.88,0,19,0,10,400,23,0
"E0216",78.54,28.54,1,20,0,7.1,333,22,1
"E0217",35.99,-14.01,0,18,1,8.8,479,32,1
"E0218",10.62,-39.38,0,18,0,8.1,428,43,1
"E0219",23.06,-26.94,0,18,0,8.1,496,28,1
"E0220",47.3,-2.7,0,20,0,7.4,407,31,1
"E0221",83.1,33.1,1,18,0,6.9,237,30,1
"E0222",70.71,20.71,1,20,1,7.8,388,30,0
"E0223",16.38,-33.62,0,19,1,8.5,416,33,1
"E0224",65.85,15.85,1,18,0,7.4,367,34,1
"E0225",73.67,23.67,1,19,1,8,274,36,1
"E0226",54.12,4.12,1,18,0,7.3,342,35,0
"E0227",85.46,35.46,1,18,0,8.3,285,36,1
"E0228",81.39,31.39,1,19,0,6.9,322,30,1
"E0229",34.38,-15.62,0,18,1,6.4,420,30,0
"E0230",72.22,22.22,1,18,1,6.2,228,40,1
"E0231",40.7,-9.3,0,17,0,7.5,430,30,0
"E0232",85.09,35.09,1,20,0,5.9,396,42,1
"E0233",88.35,38.35,1,19,1,8.6,320,33,1
"E0234",67.73,17.73,1,19,0,6.1,299,31,1
"E0235",58.06,8.06,1,18,0,6,419,33,1
"E0236",66.26,16.26,1,20,1,8.2,266,34,0
"E0237",14.67,-35.33,0,19,0,6.8,487,34,1
"E0238",64,14,1,18,1,7.2,316,27,1
"E0239",57.52,7.52,1,18,0,8.5,502,37,1
"E0240",27.88,-22.12,0,20,1,9.4,343,25,1
"E0241",23.11,-26.89,0,19,1,8.5,516,31,1
"E0242",39.74,-10.26,0,18,1,5.8,385,25,0
"E0243",39.71,-10.29,0,18,1,7,370,34,0
"E0244",69.91,19.91,1,17,0,6.1,328,35,0
"E0245",32.85,-17.15,0,20,0,9,362,27,1
"E0246",65.26,15.26,1,18,1,7.6,255,34,1
"E0247",47.06,-2.94,0,20,0,6.9,380,27,1
"E0248",64.05,14.05,1,19,1,7.4,393,28,1
"E0249",80.83,30.83,1,18,1,7.6,306,43,1
"E0250",77.14,27.14,1,19,0,6.8,386,32,1
"E0251",78.54,28.54,1,18,0,8.4,154,38,1
"E0252",65.39,15.39,1,19,1,6.7,429,31,1
"E0253",78.67,28.67,1,19,0,6.5,264,38,1
"E0254",12.68,-37.32,0,18,0,7.7,334,35,1
"E0255",57.87,7.87,1,19,0,7.8,392,40,1
"E0256",31.03,-18.97,0,19,1,9.4,482,33,1
"E0257",85.96,35.96,1,19,1,8.7,284,29,1
"E0258",68.37,18.37,1,20,0,6.9,382,28,1
"E0259",50.54,0.539999999999999,1,18,0,6.4,410,34,1
"E0260",36.75,-13.25,0,20,1,7.6,326,34,1
"E0261",75.47,25.47,1,20,0,7.6,413,33,0
"E0262",42.61,-7.39,0,19,0,6.9,395,26,0
"E0263",47.23,-2.77,0,19,1,6.8,288,40,0
"E0264",55.93,5.93,1,19,0,5.9,359,42,1
"E0265",24.99,-25.01,0,18,1,8.1,485,27,0
"E0266",51.77,1.77,1,18,0,8.6,377,32,1
"E0267",78.74,28.74,1,19,0,6,341,37,1
"E0268",49.94,-0.0600000000000023,0,20,0,5.8,393,24,1
"E0269",29.23,-20.77,0,18,1,8.5,454,31,1
"E0270",25.56,-24.44,0,19,1,6.9,482,22,0
"E0271",57.88,7.88,1,17,1,7.6,351,32,1
"E0272",28.38,-21.62,0,20,0,7.6,429,26,0
"E0273",42.24,-7.76,0,20,0,7.8,440,28,1
"E0274",47.16,-2.84,0,18,1,8.4,423,26,1
"E0275",84.51,34.51,1,19,0,6.8,294,34,1
"E0276",74.3,24.3,1,19,0,9,390,28,1
"E0277",16.26,-33.74,0,20,1,8.8,540,37,1
"E0278",63.03,13.03,1,20,1,7.4,305,33,0
"E0279",89.55,39.55,1,18,1,8.2,272,24,1
"E0280",32.71,-17.29,0,19,1,7.6,333,28,1
"E0281",27.61,-22.39,0,18,1,6.8,429,35,1
"E0282",64.33,14.33,1,20,0,9.4,290,22,1
"E0283",67.54,17.54,1,18,1,7.1,297,33,0
"E0284",72.85,22.85,1,18,1,6.2,368,30,1
"E0285",13.45,-36.55,0,19,1,9.1,384,37,1
"E0286",78.84,28.84,1,18,1,6.6,324,29,1
"E0287",70.78,20.78,1,18,0,6.2,423,31,1
"E0288",26.15,-23.85,0,17,1,6.7,416,20,1
"E0289",27.11,-22.89,0,18,1,8.6,345,30,1
"E0290",77.48,27.48,1,19,1,7.9,273,35,1
"E0291",83.35,33.35,1,20,0,5.5,208,40,1
"E0292",72.32,22.32,1,18,0,7,369,31,1
"E0293",33.69,-16.31,0,19,1,7,360,34,0
"E0294",84.92,34.92,1,18,1,7.3,339,21,1
"E0295",13.88,-36.12,0,19,1,7.9,472,35,1
"E0296",84.3,34.3,1,19,1,7.8,248,33,1
"E0297",14.05,-35.95,0,20,0,9,386,36,0
"E0298",53.74,3.74,1,19,1,6.6,371,34,1
"E0299",43.6,-6.4,0,19,0,6.5,453,36,1
"E0300",30.82,-19.18,0,18,0,8.1,403,35,0
"E0301",54.73,4.73,1,20,1,8,290,40,1
"E0302",32.75,-17.25,0,20,0,7,348,30,1
"E0303",83.17,33.17,1,18,1,6,309,30,1
"E0304",12.29,-37.71,0,17,1,8.9,535,30,1
"E0305",19.48,-30.52,0,17,0,8.5,385,34,0
"E0306",50.05,0.0499999999999972,1,19,1,7.8,384,39,1
"E0307",52.6,2.6,1,20,0,7.9,421,32,1
"E0308",30.55,-19.45,0,17,0,9.1,369,19,0
"E0309",27.21,-22.79,0,19,1,7.2,531,29,1
"E0310",71.41,21.41,1,19,1,6.2,364,27,0
"E0311",38.41,-11.59,0,18,0,7.5,455,24,0
"E0312",54.25,4.25,1,19,1,6.9,377,33,1
"E0313",46.22,-3.78,0,17,1,8,459,29,0
"E0314",48.36,-1.64,0,19,1,7.7,441,31,1
"E0315",69.86,19.86,1,20,1,7.2,312,30,1
"E0316",82.98,32.98,1,19,1,7,332,27,1
"E0317",34.55,-15.45,0,19,1,6.8,375,23,1
"E0318",86.23,36.23,1,19,1,5.6,216,31,1
"E0319",42.81,-7.19,0,18,0,8.2,402,30,1
"E0320",66.83,16.83,1,19,1,9.6,312,31,0
"E0321",60.97,10.97,1,19,0,7.9,340,28,1
"E0322",53.78,3.78,1,19,0,5,310,32,0
"E0323",83.25,33.25,1,20,1,9.3,314,32,0
"E0324",47.47,-2.53,0,17,1,8.3,375,28,0
"E0325",15.19,-34.81,0,19,1,10,460,33,0
"E0326",73.65,23.65,1,19,1,6.3,328,32,1
"E0327",57.51,7.51,1,19,1,6.4,410,21,0
"E0328",47.44,-2.56,0,20,1,7.4,394,22,1
"E0329",33.47,-16.53,0,19,0,6.9,474,36,0
"E0330",54.76,4.76,1,19,0,8.4,402,35,0
"E0331",70.4,20.4,1,18,1,7.6,347,32,1
"E0332",43.97,-6.03,0,19,1,8.9,369,23,0
"E0333",34.84,-15.16,0,17,1,7.5,442,30,0
"E0334",69.44,19.44,1,18,0,6.8,382,36,1
"E0335",18.5,-31.5,0,17,0,9.1,488,34,1
"E0336",63.82,13.82,1,19,0,6.6,434,32,1
"E0337",20.21,-29.79,0,18,1,7.9,494,30,1
"E0338",69.61,19.61,1,17,0,8.3,357,34,1
"E0339",47.94,-2.06,0,18,1,7.3,322,18,1
"E0340",43.16,-6.84,0,19,0,9,402,23,1
"E0341",59.17,9.17,1,19,0,8.8,383,25,1
"E0342",18.04,-31.96,0,17,0,9.1,404,34,1
"E0343",55.57,5.57,1,20,0,7.9,419,29,1
"E0344",63.68,13.68,1,20,0,6.3,324,35,1
"E0345",79.15,29.15,1,19,1,7.7,423,33,1
"E0346",39.51,-10.49,0,17,1,7.1,411,41,1
"E0347",32.83,-17.17,0,19,1,9.3,466,26,1
"E0348",47.23,-2.77,0,18,0,8.5,306,28,0
"E0349",71.66,21.66,1,18,0,7.4,448,22,1
"E0350",19.23,-30.77,0,19,0,7.6,482,28,1
"E0351",66.7,16.7,1,18,1,7.2,298,35,0
"E0352",43.76,-6.24,0,18,0,5.2,395,32,1
"E0353",35.22,-14.78,0,20,1,8.4,495,29,1
"E0354",82.63,32.63,1,18,1,6.6,283,35,1
"E0355",29.69,-20.31,0,19,0,7.8,502,31,1
"E0356",52.91,2.91,1,18,1,9,367,39,1
"E0357",20.54,-29.46,0,20,1,6.5,410,32,1
"E0358",38.42,-11.58,0,19,0,7.8,408,28,1
"E0359",57.21,7.21,1,17,1,8.1,320,30,1
"E0360",25.59,-24.41,0,20,0,8,377,39,0
"E0361",53.47,3.47,1,19,0,6.4,384,24,1
"E0362",24.82,-25.18,0,20,1,6.8,381,26,0
"E0363",21.59,-28.41,0,17,0,8.8,466,31,1
"E0364",53.8,3.8,1,19,0,7.3,404,37,1
"E0365",88.93,38.93,1,18,0,7.7,338,31,1
"E0366",68.99,18.99,1,18,0,7.2,379,29,1
"E0367",88.3,38.3,1,18,1,7.7,277,24,0
"E0368",47.55,-2.45,0,18,1,8.2,483,28,1
"E0369",86.26,36.26,1,19,0,7.6,177,32,1
"E0370",50.38,0.380000000000003,1,20,1,7.2,448,41,1
"E0371",45.67,-4.33,0,19,1,8.2,432,24,0
"E0372",87.43,37.43,1,19,1,5.3,278,28,1
"E0373",74.93,24.93,1,18,1,6.7,322,27,1
"E0374",65.86,15.86,1,19,1,7.8,346,28,1
"E0375",18.77,-31.23,0,20,1,8.5,512,34,0
"E0376",87.29,37.29,1,18,1,7.7,329,24,1
"E0377",47.56,-2.44,0,18,1,5.8,372,31,0
"E0378",53.61,3.61,1,17,1,7.3,403,31,1
"E0379",21.45,-28.55,0,18,0,7.6,421,30,1
"E0380",81.66,31.66,1,20,1,6,321,27,1
"E0381",85.2,35.2,1,18,0,6.4,280,25,1
"E0382",75.03,25.03,1,19,0,6.9,269,28,1
"E0383",67.51,17.51,1,18,0,6.9,386,44,0
"E0384",43.77,-6.23,0,20,0,7.1,393,25,0
"E0385",52.7,2.7,1,19,1,7.4,429,33,0
"E0386",60.31,10.31,1,18,0,6.4,437,33,1
"E0387",80.86,30.86,1,20,1,7,249,29,1
"E0388",67.02,17.02,1,18,0,7.4,357,32,1
"E0389",35.73,-14.27,0,17,0,8.4,446,30,1
"E0390",63.58,13.58,1,20,1,7.8,259,28,1
"E0391",64.4,14.4,1,18,0,7.5,390,29,1
"E0392",15.24,-34.76,0,18,1,7.4,438,38,1
"E0393",79.43,29.43,1,18,0,6.5,263,34,0
"E0394",18.31,-31.69,0,19,0,6.6,459,36,1
"E0395",80.37,30.37,1,19,0,7.6,405,36,0
"E0396",12.52,-37.48,0,18,0,9.4,455,30,1
"E0397",35.34,-14.66,0,19,0,8.8,340,29,0
"E0398",23.36,-26.64,0,19,0,7.4,431,34,1
"E0399",30.38,-19.62,0,17,0,8,418,34,1
"E0400",35.46,-14.54,0,19,1,8.4,370,33,1
"E0401",27.08,-22.92,0,19,0,6.9,558,38,0
"E0402",33.48,-16.52,0,20,1,9,393,41,1
"E0403",73,23,1,19,1,7.9,364,27,1
"E0404",28.5,-21.5,0,17,0,8.6,416,29,0
"E0405",87.84,37.84,1,20,1,4.8,454,28,1
"E0406",26.1,-23.9,0,19,1,7.8,352,31,0
"E0407",72.57,22.57,1,20,1,9,374,25,1
"E0408",37.96,-12.04,0,19,1,7,416,32,0
"E0409",29.39,-20.61,0,19,0,6.6,455,23,1
"E0410",60.94,10.94,1,19,1,7.3,318,32,1
"E0411",40.2,-9.8,0,19,0,10,389,27,1
"E0412",78.06,28.06,1,18,1,5.3,162,31,1
"E0413",82.91,32.91,1,19,1,6.7,249,37,1
"E0414",79.9,29.9,1,18,1,6.9,317,24,1
"E0415",71.91,21.91,1,19,0,7.1,396,29,1
"E0416",59.41,9.41,1,19,0,7.6,356,39,1
"E0417",48.24,-1.76,0,18,1,7.6,355,31,1
"E0418",68.17,18.17,1,19,1,6.7,402,39,1
"E0419",77.97,27.97,1,20,0,6.6,247,32,1
"E0420",31.78,-18.22,0,19,1,8.4,414,23,1
"E0421",70.87,20.87,1,20,1,6.6,320,28,1
"E0422",82.16,32.16,1,19,0,8.9,388,26,0
"E0423",44.85,-5.15,0,18,1,8,393,25,0
"E0424",21.58,-28.42,0,20,0,7.9,406,30,0
"E0425",77.33,27.33,1,18,1,7.5,301,42,1
"E0426",28.16,-21.84,0,17,1,8.4,469,25,0
"E0427",66.07,16.07,1,19,1,9.1,379,32,1
"E0428",56.75,6.75,1,17,0,9.2,345,35,1
"E0429",64.57,14.57,1,20,0,8.6,320,33,1
"E0430",85.64,35.64,1,18,1,6.5,289,35,0
"E0431",58.37,8.37,1,18,1,8.8,332,28,0
"E0432",33.36,-16.64,0,17,0,6.2,452,24,1
"E0433",30.56,-19.44,0,18,0,7.6,482,28,0
"E0434",36.34,-13.66,0,19,0,5.2,428,31,0
"E0435",12.96,-37.04,0,19,0,8.9,385,37,1
"E0436",56.36,6.36,1,17,0,5.4,329,34,1
"E0437",78.75,28.75,1,19,0,5,285,29,1
"E0438",64.75,14.75,1,19,1,6.7,292,30,1
"E0439",43.55,-6.45,0,18,0,7.7,312,32,0
"E0440",76.76,26.76,1,17,1,8.1,268,33,1
"E0441",53.34,3.34,1,18,0,6.9,316,37,1
"E0442",18.64,-31.36,0,19,1,9.2,394,32,1
"E0443",29.43,-20.57,0,20,1,5.7,438,32,0
"E0444",39.22,-10.78,0,18,0,8.1,466,34,0
"E0445",10.27,-39.73,0,19,1,9.1,464,40,1
"E0446",29.83,-20.17,0,18,1,8,441,42,0
"E0447",76.55,26.55,1,19,0,7.2,288,29,1
"E0448",47.58,-2.42,0,20,1,7,437,26,0
"E0449",70.45,20.45,1,20,1,6.7,422,37,1
"E0450",87.06,37.06,1,18,1,8,231,38,0
"E0451",25.81,-24.19,0,18,1,7.2,429,34,0
"E0452",78.63,28.63,1,17,0,7.8,312,29,1
"E0453",41.82,-8.18,0,18,1,8.7,390,36,1
"E0454",33.97,-16.03,0,17,1,9.3,349,26,0
"E0455",51.56,1.56,1,19,0,7.4,373,27,1
"E0456",39.91,-10.09,0,18,1,8,418,36,0
"E0457",82.38,32.38,1,18,1,5.8,220,30,1
"E0458",52.33,2.33,1,18,0,8.2,439,33,1
"E0459",44.61,-5.39,0,18,0,8.8,332,24,1
"E0460",54.54,4.54,1,20,0,8,315,33,1
"E0461",56.56,6.56,1,19,1,7.6,421,37,1
"E0462",71.82,21.82,1,19,0,7.2,314,23,1
"E0463",72.3,22.3,1,18,0,7.1,316,37,0
"E0464",13.11,-36.89,0,18,1,6.5,417,36,1
"E0465",22.56,-27.44,0,20,1,8.9,329,36,1
"E0466",75.45,25.45,1,20,0,8,421,25,1
"E0467",32.03,-17.97,0,18,1,10,391,38,0
"E0468",26.5,-23.5,0,17,0,8,471,29,0
"E0469",46.86,-3.14,0,18,1,5.9,368,25,1
"E0470",50.76,0.759999999999998,1,17,1,6.4,350,37,1
"E0471",24.86,-25.14,0,19,1,9,520,34,1
"E0472",83.06,33.06,1,17,0,8.1,327,27,0
"E0473",44.78,-5.22,0,17,1,6.4,483,34,0
"E0474",23.59,-26.41,0,19,0,7.5,366,38,1
"E0475",75.68,25.68,1,19,1,6.8,358,36,1
"E0476",19.51,-30.49,0,18,1,8.4,410,32,1
"E0477",48.52,-1.48,0,18,1,6.9,395,32,0
"E0478",11.03,-38.97,0,18,1,8.4,485,33,1
"E0479",19.54,-30.46,0,20,0,9.7,311,26,0
"E0480",57.88,7.88,1,19,0,7.3,294,29,1
"E0481",51.26,1.26,1,18,1,8.1,343,26,1
"E0482",56.14,6.14,1,17,0,8.3,337,39,1
"E0483",70.15,20.15,1,19,1,6.4,352,33,0
"E0484",82.52,32.52,1,18,1,6.3,290,34,1
"E0485",21.63,-28.37,0,18,1,8.6,436,24,0
"E0486",37.75,-12.25,0,17,0,9,512,22,0
"E0487",25.24,-24.76,0,18,1,8.7,451,24,0
"E0488",74.72,24.72,1,18,0,8.6,275,32,1
"E0489",83.66,33.66,1,19,1,5.4,399,33,1
"E0490",83.76,33.76,1,19,0,4.9,331,34,1
"E0491",40.91,-9.09,0,18,1,6.8,424,24,1
"E0492",40.57,-9.43,0,19,0,8.4,417,31,1
"E0493",76.92,26.92,1,17,1,7.7,330,26,1
"E0494",84.48,34.48,1,18,1,8.6,327,29,1
"E0495",60.69,10.69,1,17,1,8.3,292,27,1
"E0496",22.12,-27.88,0,19,1,7.8,432,25,1
"E0497",77.64,27.64,1,18,0,6.9,381,30,1
"E0498",17.17,-32.83,0,17,1,8,439,36,0
"E0499",89.44,39.44,1,19,1,6.1,335,33,1
"E0500",47.76,-2.24,0,18,1,7.1,319,31,1
"E0501",82.74,32.74,1,17,1,6.6,319,35,1
"E0502",72.45,22.45,1,18,1,7,415,24,1
"E0503",64.3,14.3,1,17,0,6.3,350,37,1
"E0504",44.19,-5.81,0,17,1,9.3,362,28,1
"E0505",57.73,7.73,1,18,0,8.1,398,40,0
"E0506",10.71,-39.29,0,19,1,8.2,437,37,1
"E0507",47.06,-2.94,0,19,1,8.1,283,33,1
"E0508",37.44,-12.56,0,18,0,8.9,342,26,1
"E0509",11.55,-38.45,0,17,0,9.4,596,29,1
"E0510",48.97,-1.03,0,20,1,6.7,393,32,0
"E0511",12.65,-37.35,0,17,1,8.8,495,31,1
"E0512",59.44,9.44,1,19,0,8.1,458,33,1
"E0513",83.82,33.82,1,20,0,5.8,290,20,1
"E0514",62.14,12.14,1,18,0,8.4,323,27,0
"E0515",67.63,17.63,1,17,1,7,317,39,1
"E0516",73.42,23.42,1,18,0,7,410,35,1
"E0517",67.85,17.85,1,17,0,7.3,345,25,1
"E0518",85.3,35.3,1,18,1,7.1,224,29,0
"E0519",26.15,-23.85,0,18,0,8.6,383,27,1
"E0520",67.35,17.35,1,18,0,6.8,366,29,1
"E0521",81.41,31.41,1,19,1,6.5,347,30,1
"E0522",67.65,17.65,1,18,0,7,403,40,1
"E0523",50,0,1,18,1,6.2,442,41,1
"E0524",75.57,25.57,1,17,1,6.3,360,36,1
"E0525",40.05,-9.95,0,20,0,7,330,25,0
"E0526",46.64,-3.36,0,20,1,7.8,290,29,0
"E0527",62.31,12.31,1,20,0,7.6,400,32,0
"E0528",42.28,-7.72,0,18,1,7.6,244,34,0
"E0529",54.28,4.28,1,19,0,7.8,410,33,1
"E0530",56.32,6.32,1,17,0,8.2,380,31,1
"E0531",69.02,19.02,1,18,0,6.3,357,21,1
"E0532",57.14,7.14,1,20,0,8.4,405,33,1
"E0533",35.93,-14.07,0,19,0,9.3,479,29,0
"E0534",66.93,16.93,1,19,1,8.9,291,36,1
"E0535",62.79,12.79,1,19,1,8.1,391,34,1
"E0536",74.54,24.54,1,20,0,6,336,33,1
"E0537",64.29,14.29,1,18,0,5,402,31,1
"E0538",58.64,8.64,1,18,0,8.6,502,43,1
"E0539",28.24,-21.76,0,18,0,8.7,426,26,0
"E0540",55.71,5.71,1,17,1,7.4,413,38,0
"E0541",41.26,-8.74,0,18,0,7.7,403,30,1
"E0542",79.06,29.06,1,18,1,7.4,353,38,1
"E0543",44.51,-5.49,0,20,0,6.6,370,25,1
"E0544",49.22,-0.780000000000001,0,17,0,5.7,424,34,0
"E0545",85.02,35.02,1,20,1,6.8,325,37,1
"E0546",65.4,15.4,1,19,1,8.8,346,36,1
"E0547",40.83,-9.17,0,19,0,6.5,368,30,1
"E0548",22.47,-27.53,0,18,0,8.3,410,27,1
"E0549",27.75,-22.25,0,17,0,8.4,503,34,1
"E0550",26.88,-23.12,0,19,0,7.3,308,30,1
"E0551",44.26,-5.74,0,19,1,6.9,380,32,1
"E0552",77.24,27.24,1,19,1,6.4,373,28,1
"E0553",20.67,-29.33,0,19,1,8,416,26,1
"E0554",60.39,10.39,1,18,0,8.2,394,25,1
"E0555",75.25,25.25,1,17,0,6,265,34,1
"E0556",65.12,15.12,1,19,1,6.9,436,32,0
"E0557",63.09,13.09,1,18,0,6.9,242,28,1
"E0558",37.19,-12.81,0,19,1,9,473,37,0
"E0559",45.32,-4.68,0,19,1,5,305,28,0
"E0560",54.86,4.86,1,18,1,8.8,273,25,1
"E0561",15,-35,0,20,0,8.8,433,29,1
"E0562",77.71,27.71,1,18,0,7.6,326,37,1
"E0563",44.15,-5.85,0,19,0,6.1,375,33,1
"E0564",63.26,13.26,1,19,1,8.3,311,31,1
"E0565",80.29,30.29,1,18,0,6.8,387,36,1
"E0566",72.01,22.01,1,20,0,9,351,31,1
"E0567",32.97,-17.03,0,20,0,6.1,484,28,1
"E0568",35.24,-14.76,0,19,1,8,431,30,0
"E0569",51.96,1.96,1,20,0,6.8,312,30,1
"E0570",64.37,14.37,1,18,1,8,377,21,1
"E0571",10.99,-39.01,0,19,0,9.9,458,38,1
"E0572",33.31,-16.69,0,19,1,7.5,322,24,0
"E0573",72.19,22.19,1,20,0,7.1,305,35,1
"E0574",50.24,0.240000000000002,1,17,0,7.7,266,43,1
"E0575",11.91,-38.09,0,18,1,10,398,37,1
"E0576",35.4,-14.6,0,19,0,6.2,460,23,1
"E0577",27.84,-22.16,0,19,0,7.6,508,29,1
"E0578",27.36,-22.64,0,18,1,7.2,374,30,1
"E0579",59.41,9.41,1,19,0,9,352,32,1
"E0580",42.82,-7.18,0,18,1,6.4,369,31,1
"E0581",81.64,31.64,1,18,0,5.5,378,24,1
"E0582",51.78,1.78,1,19,1,8.5,527,39,1
"E0583",56.95,6.95,1,19,1,7,286,34,1
"E0584",38.72,-11.28,0,20,1,7.3,444,33,1
"E0585",56.28,6.28,1,19,1,6.9,368,41,1
"E0586",16.49,-33.51,0,20,1,7.1,443,22,1
"E0587",36.29,-13.71,0,18,1,6.2,390,30,0
"E0588",38.46,-11.54,0,18,1,7.3,437,23,0
"E0589",88.67,38.67,1,18,0,7.2,346,28,1
"E0590",85.14,35.14,1,18,0,9,290,23,1
"E0591",10.13,-39.87,0,17,0,8.5,482,32,0
"E0592",21.19,-28.81,0,18,0,9.8,438,27,1
"E0593",82.26,32.26,1,18,1,8,314,27,1
"E0594",27.09,-22.91,0,17,1,9.1,404,26,1
"E0595",35.35,-14.65,0,17,0,7.3,411,22,0
"E0596",24.42,-25.58,0,18,0,6.8,358,30,1
"E0597",36.89,-13.11,0,20,0,6.1,509,28,0
"E0598",31.89,-18.11,0,17,0,7.1,471,28,1
"E0599",79.56,29.56,1,18,1,7.3,274,32,1
"E0600",23.93,-26.07,0,20,0,8.4,437,24,1
"E0601",30.11,-19.89,0,18,1,7.7,419,32,0
"E0602",59.43,9.43,1,20,1,8.3,357,33,0
"E0603",57.6,7.6,1,17,0,6.6,348,32,1
"E0604",70.82,20.82,1,17,1,8.4,347,37,1
"E0605",15.71,-34.29,0,18,0,6.6,397,38,0
"E0606",80.61,30.61,1,18,0,6.6,381,34,1
"E0607",78.51,28.51,1,18,1,7.6,320,32,1
"E0608",76.6,26.6,1,17,1,5.8,309,29,1
"E0609",23.97,-26.03,0,20,1,8,462,42,0
"E0610",16.12,-33.88,0,18,0,8.4,484,28,0
"E0611",46.16,-3.84,0,19,1,8.6,502,32,0
"E0612",17.61,-32.39,0,19,1,7.3,559,30,1
"E0613",75.91,25.91,1,18,0,8.2,328,32,1
"E0614",57.81,7.81,1,18,0,9.6,417,29,1
"E0615",61.26,11.26,1,17,0,7,438,31,1
"E0616",83.73,33.73,1,20,1,7.8,302,21,1
"E0617",21.56,-28.44,0,19,1,6.6,423,28,0
"E0618",54.81,4.81,1,17,1,8.9,373,43,1
"E0619",65.18,15.18,1,18,1,7.9,253,43,1
"E0620",38.52,-11.48,0,17,1,8.2,489,28,1
"E0621",64.93,14.93,1,19,0,7.2,378,39,1
"E0622",47.28,-2.72,0,19,0,7,375,21,1
"E0623",41.81,-8.19,0,17,0,7.3,425,34,1
"E0624",49.82,-0.18,0,17,1,5.1,407,20,0
"E0625",51.03,1.03,1,18,1,5,325,38,1
"E0626",62.82,12.82,1,18,0,6.9,432,29,0
"E0627",77.69,27.69,1,18,1,6.2,382,35,1
"E0628",85.16,35.16,1,18,1,6.5,307,32,1
"E0629",87.46,37.46,1,19,0,6.8,261,25,1
"E0630",47.99,-2.01,0,19,0,5.2,347,29,0
"E0631",50.46,0.460000000000001,1,19,0,8,346,36,1
"E0632",78.44,28.44,1,19,0,7,358,39,1
"E0633",15.48,-34.52,0,19,0,6.6,449,37,1
"E0634",74.32,24.32,1,20,1,7.6,298,35,1
"E0635",13.16,-36.84,0,17,0,7.2,512,29,1
"E0636",19.43,-30.57,0,18,1,7,353,33,1
"E0637",79.17,29.17,1,18,0,7.2,337,27,0
"E0638",31.22,-18.78,0,18,0,6.7,386,27,1
"E0639",27.71,-22.29,0,18,1,10,444,34,0
"E0640",66.53,16.53,1,20,0,4.4,312,30,1
"E0641",70.81,20.81,1,19,1,8,187,38,1
"E0642",24.8,-25.2,0,19,1,8.2,375,28,0
"E0643",41.27,-8.73,0,19,1,7.1,368,27,1
"E0644",57.24,7.24,1,18,1,8,341,38,1
"E0645",18.17,-31.83,0,17,0,9.5,465,28,1
"E0646",19.32,-30.68,0,19,1,8.8,409,28,1
"E0647",40.13,-9.87,0,18,1,6.9,444,31,1
"E0648",45.89,-4.11,0,19,0,6.4,355,20,0
"E0649",43.37,-6.63,0,18,1,7.3,351,27,0
"E0650",32.05,-17.95,0,20,1,6.9,443,36,1
"E0651",32.74,-17.26,0,17,0,6.7,372,33,0
"E0652",66.79,16.79,1,17,0,6.2,411,34,1
"E0653",85.07,35.07,1,20,0,4.7,245,34,1
"E0654",31.8,-18.2,0,19,1,6.5,484,39,1
"E0655",78.08,28.08,1,19,1,7.7,338,32,1
"E0656",14.07,-35.93,0,18,1,8.3,357,37,1
"E0657",63.67,13.67,1,18,0,8.1,412,32,1
"E0658",48.44,-1.56,0,19,1,7.3,342,35,1
"E0659",84.9,34.9,1,18,0,6.8,247,26,0
"E0660",51.06,1.06,1,19,0,6.9,401,27,0
"E0661",58.76,8.76,1,17,0,6.7,324,33,1
"E0662",83.02,33.02,1,20,1,7.9,269,36,1
"E0663",75.79,25.79,1,20,1,8.7,348,40,1
"E0664",40.36,-9.64,0,18,0,7.9,330,32,0
"E0665",23.75,-26.25,0,18,1,8.3,458,25,0
"E0666",82.12,32.12,1,17,0,6.8,320,23,1
"E0667",35.08,-14.92,0,18,0,7.3,419,30,0
"E0668",33.47,-16.53,0,17,0,8.7,449,42,1
"E0669",13.61,-36.39,0,18,1,8,463,31,0
"E0670",24.42,-25.58,0,20,1,6.9,340,26,1
"E0671",65.54,15.54,1,20,0,7.6,199,32,1
"E0672",85.94,35.94,1,19,1,7.3,312,25,1
"E0673",23.28,-26.72,0,18,1,8.8,500,23,1
"E0674",43.6,-6.4,0,20,0,7.9,369,20,1
"E0675",24.11,-25.89,0,19,0,8.5,445,30,1
"E0676",61.03,11.03,1,19,1,6.4,397,34,0
"E0677",81.55,31.55,1,19,1,7.9,271,29,1
"E0678",47.69,-2.31,0,19,0,7.3,243,39,1
"E0679",51.9,1.9,1,18,0,7.4,398,35,0
"E0680",11.77,-38.23,0,18,0,7.6,491,26,0
"E0681",37.76,-12.24,0,18,0,7.9,428,26,1
"E0682",55,5,1,18,1,6.1,421,25,1
"E0683",16.88,-33.12,0,20,1,5.6,461,41,1
"E0684",27.46,-22.54,0,19,0,8.9,323,37,0
"E0685",38.17,-11.83,0,18,1,7.9,281,29,1
"E0686",35.58,-14.42,0,19,0,7.8,441,35,1
"E0687",67.04,17.04,1,20,0,7.4,366,28,1
"E0688",32.21,-17.79,0,18,0,7.6,438,29,0
"E0689",67.9,17.9,1,19,0,5.8,366,28,1
"E0690",48.16,-1.84,0,20,0,5.6,311,18,1
"E0691",37.19,-12.81,0,18,0,7.6,499,31,1
"E0692",65.98,15.98,1,17,1,8.2,309,28,0
"E0693",64.2,14.2,1,19,0,6.5,232,34,1
"E0694",14.53,-35.47,0,19,0,8.7,455,30,1
"E0695",70.4,20.4,1,19,1,7.8,315,31,1
"E0696",64.31,14.31,1,18,0,6.3,367,38,1
"E0697",41.8,-8.2,0,19,0,7.2,437,24,0
"E0698",37.67,-12.33,0,19,1,8.9,387,33,1
"E0699",26.17,-23.83,0,18,0,8.2,372,32,1
"E0700",63.16,13.16,1,19,1,7.6,324,28,1
"E0701",47.34,-2.66,0,18,1,7.5,399,27,1
"E0702",29.88,-20.12,0,17,1,8.3,437,35,0
"E0703",18.91,-31.09,0,17,1,7.5,420,33,1
"E0704",20.04,-29.96,0,18,1,7.7,370,32,1
"E0705",11.17,-38.83,0,18,1,8.5,507,45,0
"E0706",72.91,22.91,1,17,1,8.4,366,39,0
"E0707",55.67,5.67,1,19,0,7.7,412,32,1
"E0708",56.21,6.21,1,17,0,7,426,31,1
"E0709",48.73,-1.27,0,18,1,6.6,481,29,0
"E0710",66.44,16.44,1,19,1,6.4,405,32,0
"E0711",40.66,-9.34,0,18,0,8.1,395,20,1
"E0712",16.76,-33.24,0,17,0,8.2,469,34,1
"E0713",58.29,8.29,1,19,0,7.1,221,32,1
"E0714",66.37,16.37,1,18,0,7,338,32,0
"E0715",28.15,-21.85,0,20,1,5.7,481,36,0
"E0716",55.43,5.43,1,20,0,7,349,45,1
"E0717",44.03,-5.97,0,19,0,7.7,410,26,1
"E0718",28.29,-21.71,0,18,1,8.9,375,25,0
"E0719",40.12,-9.88,0,18,1,8.4,521,34,0
"E0720",28.02,-21.98,0,17,0,7.6,526,32,0
"E0721",78.8,28.8,1,19,0,8,303,21,1
"E0722",36.25,-13.75,0,20,1,6.2,419,26,1
"E0723",46.39,-3.61,0,20,0,9.7,286,32,1
"E0724",36.68,-13.32,0,19,1,6.5,411,26,1
"E0725",67.85,17.85,1,17,1,7.8,335,25,1
"E0726",17.32,-32.68,0,19,0,7.5,468,35,1
"E0727",38.62,-11.38,0,20,1,7.9,357,29,1
"E0728",68.05,18.05,1,17,0,7.6,301,34,1
"E0729",12.31,-37.69,0,18,0,8.9,477,30,1
"E0730",10.64,-39.36,0,19,0,7.7,481,33,0
"E0731",14.23,-35.77,0,18,1,8,472,35,1
"E0732",16.96,-33.04,0,20,1,7.9,406,30,1
"E0733",35.62,-14.38,0,18,1,7.2,327,34,0
"E0734",16.39,-33.61,0,17,1,9.7,505,32,1
"E0735",71.64,21.64,1,17,1,6.4,304,38,1
"E0736",54.47,4.47,1,20,0,7.9,421,35,1
"E0737",13.09,-36.91,0,19,1,7.1,495,35,0
"E0738",83.49,33.49,1,18,0,7.4,314,32,1
"E0739",68.1,18.1,1,18,0,8.6,390,32,1
"E0740",42.05,-7.95,0,20,0,9,426,30,0
"E0741",36.61,-13.39,0,17,1,7.4,488,23,0
"E0742",52.4,2.4,1,18,0,9.9,397,37,1
"E0743",83.47,33.47,1,18,1,6.4,286,30,0
"E0744",53.99,3.99,1,18,1,6.3,479,36,1
"E0745",54.11,4.11,1,19,1,7.9,364,27,1
"E0746",24.87,-25.13,0,18,0,7,421,34,0
"E0747",50.25,0.25,1,19,1,7.6,301,37,1
"E0748",63.53,13.53,1,20,1,8.1,326,37,1
"E0749",53.28,3.28,1,17,1,7.5,391,42,1
"E0750",19.31,-30.69,0,19,0,7.8,357,35,1
"E0751",24.58,-25.42,0,20,0,8.3,390,23,0
"E0752",40.71,-9.29,0,20,0,8.6,432,27,1
"E0753",50.36,0.359999999999999,1,20,0,9,392,48,1
"E0754",89.67,39.67,1,19,1,6.5,387,29,0
"E0755",31.34,-18.66,0,18,1,6.6,331,33,1
"E0756",27.38,-22.62,0,19,1,6.6,445,32,0
"E0757",23.91,-26.09,0,19,0,8.1,406,25,1
"E0758",80.08,30.08,1,17,0,5.7,341,24,1
"E0759",53.18,3.18,1,20,1,8.1,423,39,0
"E0760",17.83,-32.17,0,19,0,8.1,483,34,1
"E0761",80.81,30.81,1,18,0,6.1,345,28,1
"E0762",29.17,-20.83,0,19,1,7.2,370,26,1
"E0763",38.44,-11.56,0,18,1,8.1,376,30,1
"E0764",72.44,22.44,1,19,0,8,410,25,1
"E0765",21.85,-28.15,0,19,0,9.2,491,33,1
"E0766",19.03,-30.97,0,18,1,8.3,430,31,0
"E0767",32.73,-17.27,0,17,1,7.8,512,35,1
"E0768",31.04,-18.96,0,19,0,7.2,332,34,1
"E0769",84.57,34.57,1,18,0,6.1,264,29,1
"E0770",56.86,6.86,1,20,0,7.5,370,37,1
"E0771",85.67,35.67,1,20,0,8,391,25,0
"E0772",84.68,34.68,1,19,1,6.7,296,29,1
"E0773",59.14,9.14,1,17,1,7.9,296,33,1
"E0774",45.2,-4.8,0,20,1,7.4,324,32,1
"E0775",57.55,7.55,1,17,1,6.5,322,25,1
"E0776",60.69,10.69,1,18,0,8.2,398,26,1
"E0777",88.36,38.36,1,20,1,7.7,373,37,1
"E0778",19.27,-30.73,0,18,0,6.6,434,31,1
"E0779",26.84,-23.16,0,17,1,7.5,426,19,1
"E0780",41.41,-8.59,0,17,0,8,386,27,0
"E0781",51.65,1.65,1,17,1,6.4,447,36,1
"E0782",38.78,-11.22,0,19,0,6.5,528,22,0
"E0783",47.59,-2.41,0,18,1,8.6,362,30,1
"E0784",25.76,-24.24,0,17,1,7.9,381,37,0
"E0785",51.55,1.55,1,19,1,6.9,415,47,1
"E0786",57.66,7.66,1,17,1,8.4,407,26,1
"E0787",22.25,-27.75,0,19,1,7.2,464,25,1
"E0788",63.5,13.5,1,19,1,6.4,361,41,1
"E0789",38.67,-11.33,0,18,1,7.2,357,33,1
"E0790",31.22,-18.78,0,19,0,8.6,427,30,1
"E0791",83.53,33.53,1,18,0,5.7,169,26,1
"E0792",12.8,-37.2,0,20,1,5.7,417,30,1
"E0793",68.64,18.64,1,20,0,6.8,414,37,1
"E0794",12.59,-37.41,0,20,1,7.5,333,37,0
"E0795",47.87,-2.13,0,17,1,8,396,33,0
"E0796",66.29,16.29,1,19,0,7.4,398,33,0
"E0797",57.46,7.46,1,18,0,8.2,354,41,1
"E0798",67.36,17.36,1,18,0,5.9,279,42,1
"E0799",28.55,-21.45,0,20,0,7.4,398,38,1
"E0800",35.2,-14.8,0,17,1,7.5,436,34,0
"E0801",17.3,-32.7,0,20,1,10,522,35,1
"E0802",67.42,17.42,1,19,1,7.7,458,33,1
"E0803",47.4,-2.6,0,18,1,8.4,361,24,1
"E0804",40.13,-9.87,0,18,1,9.2,445,28,0
"E0805",49.87,-0.130000000000003,0,19,0,7.1,372,31,0
"E0806",65.43,15.43,1,20,0,7.2,289,26,1
"E0807",21.62,-28.38,0,19,1,7.7,476,28,1
"E0808",44.72,-5.28,0,19,1,8.3,341,27,1
"E0809",85.97,35.97,1,18,1,7.3,394,35,1
"E0810",41.81,-8.19,0,19,0,7.7,428,23,0
"E0811",51.64,1.64,1,19,1,8.5,404,35,1
"E0812",39.58,-10.42,0,20,1,6.5,380,31,1
"E0813",81.86,31.86,1,17,0,7,325,41,1
"E0814",14.15,-35.85,0,17,0,8.7,419,30,1
"E0815",82.81,32.81,1,19,1,8.2,217,29,1
"E0816",65,15,1,20,1,7.1,356,33,1
"E0817",31.27,-18.73,0,18,0,8.1,368,28,0
"E0818",80.39,30.39,1,19,1,6.1,336,37,1
"E0819",13.74,-36.26,0,20,1,8.1,464,36,1
"E0820",48,-2,0,17,1,7.4,420,26,0
"E0821",65.12,15.12,1,17,1,7.1,301,28,1
"E0822",67.79,17.79,1,18,0,7.5,316,35,0
"E0823",43.26,-6.74,0,18,0,10,433,31,1
"E0824",14.33,-35.67,0,19,1,8.3,490,28,1
"E0825",81.06,31.06,1,17,1,6.5,398,41,1
"E0826",60.25,10.25,1,19,1,7.6,379,36,1
"E0827",83.03,33.03,1,20,0,7.8,269,31,1
"E0828",75.44,25.44,1,17,0,6.8,361,37,1
"E0829",63,13,1,17,1,6.1,442,40,1
"E0830",75.01,25.01,1,18,1,7.5,406,23,1
"E0831",52.56,2.56,1,18,0,6.9,328,35,1
"E0832",31.07,-18.93,0,18,0,7,394,33,1
"E0833",72.29,22.29,1,18,0,8,275,35,1
"E0834",47.91,-2.09,0,20,1,8,417,33,0
"E0835",46.86,-3.14,0,17,1,8.1,250,36,0
"E0836",16.61,-33.39,0,18,0,8.2,448,29,1
"E0837",33.26,-16.74,0,18,0,6.9,390,30,0
"E0838",59.22,9.22,1,19,1,6.7,411,33,1
"E0839",48.8,-1.2,0,17,1,7.8,244,31,0
"E0840",65.05,15.05,1,19,1,8.5,335,28,1
"E0841",85.89,35.89,1,19,0,6.8,253,30,1
"E0842",18.73,-31.27,0,19,1,8.9,423,29,1
"E0843",74.18,24.18,1,19,1,6.1,302,29,1
"E0844",39.94,-10.06,0,17,1,8.8,461,33,0
"E0845",33.18,-16.82,0,20,1,6,459,24,0
"E0846",78.95,28.95,1,18,0,6.4,318,30,1
"E0847",10.89,-39.11,0,17,0,9.6,504,33,1
"E0848",55.78,5.78,1,18,1,7.1,350,36,1
"E0849",69.25,19.25,1,18,0,5.2,318,36,1
"E0850",70.06,20.06,1,20,1,6.8,341,30,1
"E0851",32.66,-17.34,0,17,0,8.7,394,30,0
"E0852",48.54,-1.46,0,17,1,8.5,381,27,1
"E0853",86.09,36.09,1,17,0,7,219,34,1
"E0854",45.16,-4.84,0,18,0,9.7,370,22,1
"E0855",35.26,-14.74,0,20,0,9.3,450,33,0
"E0856",59.37,9.37,1,18,1,8.5,298,32,1
"E0857",88.06,38.06,1,17,0,7.2,316,30,0
"E0858",82.28,32.28,1,20,0,8.4,261,20,1
"E0859",15.35,-34.65,0,19,0,8.9,492,27,1
"E0860",87.77,37.77,1,17,1,8.1,281,30,1
"E0861",45.31,-4.69,0,18,1,7.3,441,25,1
"E0862",44.76,-5.24,0,20,0,8.2,414,26,1
"E0863",19.86,-30.14,0,17,1,8.8,399,26,1
"E0864",80.21,30.21,1,18,1,7.5,240,31,1
"E0865",60.58,10.58,1,18,0,7.6,389,35,1
"E0866",73.15,23.15,1,18,0,7.1,323,32,1
"E0867",48.59,-1.41,0,18,0,9,565,27,1
"E0868",61.02,11.02,1,17,0,6.2,256,32,0
"E0869",68.5,18.5,1,18,1,7.4,343,30,1
"E0870",65.59,15.59,1,19,0,7.7,246,31,0
"E0871",69.43,19.43,1,19,0,6.5,223,31,1
"E0872",48.08,-1.92,0,17,1,8.8,458,22,0
"E0873",41.08,-8.92,0,18,1,9.2,397,39,1
"E0874",16.32,-33.68,0,18,0,7.8,389,32,1
"E0875",48.8,-1.2,0,18,1,7.8,416,19,0
"E0876",63.5,13.5,1,17,1,6.4,374,35,0
"E0877",24.99,-25.01,0,20,0,7.6,427,30,0
"E0878",26.68,-23.32,0,17,0,7.5,461,32,1
"E0879",78.95,28.95,1,19,0,7.2,331,23,1
"E0880",39.19,-10.81,0,20,0,6.3,535,32,1
"E0881",21.17,-28.83,0,19,0,7.9,429,34,0
"E0882",57.19,7.19,1,18,0,6.6,414,39,0
"E0883",41.63,-8.37,0,18,1,8.5,394,23,0
"E0884",34.1,-15.9,0,18,0,7.6,308,30,1
"E0885",44.72,-5.28,0,18,1,7.2,410,31,0
"E0886",19.05,-30.95,0,17,0,8.8,529,33,1
"E0887",65.91,15.91,1,17,1,6.2,362,33,1
"E0888",85.78,35.78,1,18,0,7.7,393,37,1
"E0889",36.04,-13.96,0,18,1,9.6,487,27,1
"E0890",47.7,-2.3,0,19,1,7.9,255,28,1
"E0891",78.29,28.29,1,18,1,6.9,304,34,1
"E0892",84.62,34.62,1,20,1,6.4,381,33,1
"E0893",59.71,9.71,1,19,0,7,250,32,1
"E0894",81.08,31.08,1,19,1,5.4,293,35,1
"E0895",67.14,17.14,1,19,1,5.2,385,35,0
"E0896",59.01,9.01,1,18,1,8.1,361,31,1
"E0897",61.77,11.77,1,18,0,6.1,426,28,0
"E0898",41.4,-8.6,0,17,1,7.2,312,27,0
"E0899",50.7,0.700000000000003,1,18,1,8.9,339,36,1
"E0900",49.4,-0.600000000000001,0,19,0,8.5,415,21,0
"E0901",40.72,-9.28,0,19,1,7.2,380,32,1
"E0902",88.32,38.32,1,19,1,7.3,299,31,1
"E0903",14.18,-35.82,0,19,1,8.5,381,29,0
"E0904",19.14,-30.86,0,18,1,6.6,497,39,1
"E0905",63.76,13.76,1,19,1,6.1,392,35,1
"E0906",20.77,-29.23,0,20,0,7.8,421,27,1
"E0907",43.45,-6.55,0,17,0,7.2,437,28,1
"E0908",57.89,7.89,1,18,1,6.8,442,31,1
"E0909",49.16,-0.840000000000003,0,20,1,6.8,283,28,0
"E0910",64.92,14.92,1,19,1,7.9,301,31,0
"E0911",83.66,33.66,1,19,0,5.9,310,24,1
"E0912",32.86,-17.14,0,19,1,8.1,549,34,1
"E0913",10.33,-39.67,0,18,0,8.3,461,28,1
"E0914",38.26,-11.74,0,19,0,9.1,399,29,1
"E0915",30.09,-19.91,0,18,1,7.1,372,37,1
"E0916",81.63,31.63,1,19,0,7.9,372,29,1
"E0917",59.97,9.97,1,17,1,7.9,288,27,1
"E0918",25.07,-24.93,0,19,1,6.9,364,28,0
"E0919",55.35,5.35,1,17,0,9.1,308,31,1
"E0920",67.99,17.99,1,19,1,6.8,251,26,0
"E0921",64.9,14.9,1,19,0,7.5,256,30,1
"E0922",53.19,3.19,1,18,1,8.9,432,33,1
"E0923",56.49,6.49,1,18,1,10,361,31,1
"E0924",80.84,30.84,1,18,1,7.3,272,23,0
"E0925",88.36,38.36,1,20,1,6.2,260,24,1
"E0926",53.5,3.5,1,19,1,5.9,342,49,1
"E0927",49,-1,0,17,0,6.6,219,33,1
"E0928",63.03,13.03,1,18,1,6.7,415,30,1
"E0929",33.64,-16.36,0,19,0,7.6,461,32,0
"E0930",66.52,16.52,1,18,1,6.1,366,43,0
"E0931",22.72,-27.28,0,18,1,6.9,442,37,1
"E0932",80.72,30.72,1,19,0,6.6,332,31,1
"E0933",89.15,39.15,1,20,1,7.1,231,35,0
"E0934",15.85,-34.15,0,20,0,8.4,418,36,1
"E0935",63.15,13.15,1,19,0,8.5,451,31,1
"E0936",23.35,-26.65,0,18,0,7.8,469,28,1
"E0937",37.92,-12.08,0,18,0,8.2,516,27,0
"E0938",71.79,21.79,1,19,0,7.5,306,33,1
"E0939",51.27,1.27,1,18,0,6.1,359,37,1
"E0940",20.84,-29.16,0,19,0,8.2,470,31,0
"E0941",86.95,36.95,1,18,0,6.7,222,27,1
"E0942",57.31,7.31,1,19,0,8,281,33,0
"E0943",86.37,36.37,1,19,0,6.8,320,23,1
"E0944",48.02,-1.98,0,18,0,7.4,473,32,1
"E0945",14.54,-35.46,0,17,0,8.1,432,33,0
"E0946",24.46,-25.54,0,18,1,7.1,397,36,0
"E0947",28.48,-21.52,0,17,1,9,313,20,1
"E0948",59.92,9.92,1,19,0,7.5,345,37,1
"E0949",87.33,37.33,1,18,1,7.6,310,27,1
"E0950",45.88,-4.12,0,18,1,8.4,338,39,0
"E0951",83.43,33.43,1,17,1,4.4,364,27,1
"E0952",50.39,0.390000000000001,1,18,1,7.3,429,36,1
"E0953",35.06,-14.94,0,18,1,6.3,413,32,0
"E0954",55.03,5.03,1,17,0,6.3,360,24,0
"E0955",48.61,-1.39,0,19,1,8.9,359,28,1
"E0956",34.63,-15.37,0,17,0,6.8,406,32,1
"E0957",46.34,-3.66,0,20,1,7.6,405,37,1
"E0958",81.22,31.22,1,19,1,6.3,400,30,0
"E0959",73.02,23.02,1,18,1,6.7,342,28,0
"E0960",52.42,2.42,1,19,0,8.1,388,36,1
"E0961",71.12,21.12,1,19,1,7.4,358,34,0
"E0962",56.05,6.05,1,20,1,7.8,379,26,1
"E0963",62.72,12.72,1,18,1,8.3,317,39,1
"E0964",28.79,-21.21,0,18,1,5.9,363,27,1
"E0965",89.23,39.23,1,18,0,7,297,30,1
"E0966",47.71,-2.29,0,19,1,6.8,366,31,1
"E0967",46.51,-3.49,0,20,1,6.3,412,35,1
"E0968",79.77,29.77,1,18,0,6.7,388,29,1
"E0969",88.48,38.48,1,18,0,6.2,325,38,1
"E0970",76.9,26.9,1,18,1,5.5,385,24,1
"E0971",71.44,21.44,1,18,0,7.9,323,45,0
"E0972",22.42,-27.58,0,19,1,7.5,433,34,1
"E0973",53.87,3.87,1,19,0,7.5,309,29,1
"E0974",80.37,30.37,1,18,1,6.6,344,40,1
"E0975",15.5,-34.5,0,18,1,7.8,545,32,0
"E0976",78.75,28.75,1,20,0,5.4,281,37,1
"E0977",82.63,32.63,1,18,0,6.9,257,29,1
"E0978",61.64,11.64,1,18,0,7.7,333,30,1
"E0979",26.39,-23.61,0,18,1,6.7,491,34,0
"E0980",12.36,-37.64,0,19,0,7.7,513,21,1
"E0981",65.03,15.03,1,18,1,6.1,349,40,0
"E0982",75.23,25.23,1,18,1,6.9,331,28,1
"E0983",10.18,-39.82,0,17,0,7.5,457,31,1
"E0984",13.23,-36.77,0,17,1,8.8,444,34,1
"E0985",84.79,34.79,1,19,1,8.7,323,26,1
"E0986",41.89,-8.11,0,18,0,9.3,499,30,1
"E0987",67.98,17.98,1,20,1,7.3,369,32,0
"E0988",43.31,-6.69,0,18,0,8.6,446,23,0
"E0989",74.05,24.05,1,18,0,8.2,418,34,0
"E0990",72.74,22.74,1,18,0,9.1,416,32,1
"E0991",50.46,0.460000000000001,1,18,1,6.7,291,29,1
"E0992",33.46,-16.54,0,17,1,8.4,404,33,1
"E0993",30.51,-19.49,0,19,0,6.6,432,26,1
"E0994",39.61,-10.39,0,20,0,6.6,423,29,1
"E0995",10.38,-39.62,0,18,1,9.3,510,40,1
"E0996",10.37,-39.63,0,19,0,9.5,443,34,1
"E0997",48.48,-1.52,0,19,1,6.3,424,26,1
"E0998",82.3,32.3,1,18,1,6,294,29,1
"E0999",30.49,-19.51,0,19,1,9.2,380,23,1
"E1000",59.38,9.38,1,17,0,7.3,279,26,1
"E1001",31.48,-18.52,0,18,0,9.2,418,30,1
"E1002",47.8,-2.2,0,19,1,7.2,398,29,1
"E1003",82.96,32.96,1,20,0,6.3,234,24,0
"E1004",79.48,29.48,1,18,1,6.2,322,39,0
"E1005",21.59,-28.41,0,20,1,8.2,359,34,1
"E1006",87.04,37.04,1,20,1,7,326,23,0
"E1007",54.85,4.85,1,20,0,9.1,426,36,1
"E1008",76.72,26.72,1,18,0,7.8,365,19,1
"E1009",87.54,37.54,1,19,1,7.6,266,31,1
"E1010",48.79,-1.21,0,18,1,7.8,303,34,0
"E1011",61.22,11.22,1,19,1,6.9,331,35,1
"E1012",66.22,16.22,1,20,1,6.8,327,26,1
"E1013",57.03,7.03,1,18,0,6.3,370,33,1
"E1014",30.03,-19.97,0,19,0,9.5,441,27,0
"E1015",34.8,-15.2,0,19,1,7.1,558,35,0
"E1016",54.34,4.34,1,18,0,7.8,359,30,1
"E1017",32.18,-17.82,0,19,1,7.6,375,34,1
"E1018",30.43,-19.57,0,18,0,8.9,454,28,1
"E1019",89.89,39.89,1,20,0,8,244,25,1
"E1020",70.82,20.82,1,19,0,7.3,324,32,0
"E1021",43.76,-6.24,0,19,1,7.4,296,27,1
"E1022",43.66,-6.34,0,20,0,7.6,393,25,0
"E1023",74.6,24.6,1,19,1,7,411,37,1
"E1024",42.17,-7.83,0,19,1,7.1,405,28,1
"E1025",71.54,21.54,1,19,1,6.9,329,34,1
"E1026",56.06,6.06,1,17,0,8.3,313,31,1
"E1027",63.82,13.82,1,19,0,6.6,428,35,1
"E1028",30.08,-19.92,0,19,0,7.5,457,31,1
"E1029",42.68,-7.32,0,18,1,8.7,319,32,1
"E1030",19.66,-30.34,0,19,0,7.2,480,25,0
"E1031",15.26,-34.74,0,20,1,9.1,503,42,1
"E1032",24.03,-25.97,0,18,1,8.3,353,28,0
"E1033",27.15,-22.85,0,18,0,8.3,500,39,1
"E1034",89.95,39.95,1,19,1,7.5,237,37,0
"E1035",70.08,20.08,1,17,1,7.8,250,33,1
"E1036",69.84,19.84,1,18,1,5.7,363,31,1
"E1037",57.03,7.03,1,18,0,6.6,458,34,0
"E1038",79.73,29.73,1,18,0,5.3,276,32,1
"E1039",54.54,4.54,1,17,1,5.7,398,42,1
"E1040",82.4,32.4,1,19,1,6.5,332,38,1
"E1041",43.37,-6.63,0,17,0,7.5,453,23,0
"E1042",66.33,16.33,1,17,0,7.6,380,35,1
"E1043",27.61,-22.39,0,19,1,7.4,423,27,1
"E1044",14.7,-35.3,0,20,0,8.5,403,34,0
"E1045",46.64,-3.36,0,19,0,7.5,424,35,0
"E1046",54.54,4.54,1,19,0,8,395,33,1
"E1047",40,-10,0,18,1,7.8,350,27,1
"E1048",25.13,-24.87,0,17,0,9.1,431,28,0
"E1049",74.11,24.11,1,20,0,8.7,361,35,1
"E1050",13.62,-36.38,0,19,0,8.4,489,33,0
"E1051",44.21,-5.79,0,18,1,7.6,346,33,1
"E1052",44.77,-5.23,0,20,0,6.2,339,25,0
"E1053",81.15,31.15,1,17,0,7.5,339,28,1
"E1054",28.67,-21.33,0,18,0,7.8,450,40,1
"E1055",73.04,23.04,1,20,1,7.6,243,41,0
"E1056",34.82,-15.18,0,19,1,6.6,442,33,1
"E1057",55.18,5.18,1,17,0,7,348,33,0
"E1058",40.81,-9.19,0,19,1,6.1,423,22,1
"E1059",49.16,-0.840000000000003,0,17,1,9.6,529,29,1
"E1060",23.54,-26.46,0,18,1,7,465,21,1
"E1061",25.01,-24.99,0,18,1,6.8,475,25,0
"E1062",15.49,-34.51,0,18,0,8.4,363,38,1
"E1063",75.74,25.74,1,18,1,6.7,311,29,1
"E1064",32.98,-17.02,0,18,1,8.9,488,38,0
"E1065",66.19,16.19,1,19,1,8.5,283,34,1
"E1066",54.61,4.61,1,19,0,6.7,381,37,1
"E1067",33.09,-16.91,0,20,0,8.8,377,37,1
"E1068",51.67,1.67,1,17,1,6.8,434,33,0
"E1069",84.95,34.95,1,19,1,7.2,341,31,1
"E1070",80.68,30.68,1,18,1,6.4,288,26,1
"E1071",64.03,14.03,1,18,1,6.8,296,26,0
"E1072",57.28,7.28,1,17,0,6,290,46,1
"E1073",28.29,-21.71,0,19,0,6.3,338,26,0
"E1074",10.74,-39.26,0,19,0,7.6,486,36,0
"E1075",25.22,-24.78,0,19,1,8.4,447,31,1
"E1076",83.71,33.71,1,17,1,7.2,324,34,1
"E1077",23.75,-26.25,0,18,0,7.2,425,33,1
"E1078",87.36,37.36,1,18,0,5.9,275,28,1
"E1079",71.43,21.43,1,19,0,7.1,372,37,1
"E1080",87.35,37.35,1,17,0,7.7,336,22,1
"E1081",73.63,23.63,1,18,0,7.9,415,33,0
"E1082",75.59,25.59,1,17,0,8.1,350,19,1
"E1083",47.8,-2.2,0,17,0,8.8,362,29,1
"E1084",83.94,33.94,1,18,1,8.1,298,30,0
"E1085",61.98,11.98,1,20,0,7,425,28,1
"E1086",12.22,-37.78,0,18,1,8.3,498,37,1
"E1087",40.35,-9.65,0,17,1,8.2,413,30,1
"E1088",55.58,5.58,1,20,1,7.4,334,43,1
"E1089",49.89,-0.109999999999999,0,18,1,6.2,447,34,1
"E1090",16.08,-33.92,0,17,0,8,498,28,1
"E1091",45.35,-4.65,0,18,1,7,444,26,0
"E1092",40.31,-9.69,0,17,1,6.6,432,28,0
"E1093",52.1,2.1,1,18,1,6.5,364,39,1
"E1094",41.74,-8.26,0,18,1,7.4,450,34,0
"E1095",41.04,-8.96,0,17,1,7,419,39,1
"E1096",78.96,28.96,1,19,0,9.6,211,35,1
"E1097",56.36,6.36,1,20,1,7.1,388,36,0
"E1098",32.32,-17.68,0,19,1,7.6,367,28,1
"E1099",59.05,9.05,1,18,0,8.1,345,34,1
"E1100",64.19,14.19,1,19,1,6.5,376,29,1
"E1101",52.95,2.95,1,18,0,7.6,428,31,1
"E1102",21.91,-28.09,0,19,1,5.2,416,27,0
"E1103",50.25,0.25,1,19,0,6.3,330,34,0
"E1104",38.88,-11.12,0,18,0,6,461,29,1
"E1105",59.77,9.77,1,18,0,9.7,300,38,1
"E1106",25.58,-24.42,0,18,1,8.2,391,34,1
"E1107",50.84,0.840000000000003,1,20,1,7.3,397,34,0
"E1108",26.03,-23.97,0,20,0,8,367,32,1
"E1109",21.3,-28.7,0,19,1,10,494,36,1
"E1110",86.33,36.33,1,18,0,8.1,370,33,0
"E1111",25.37,-24.63,0,20,1,10,457,24,0
"E1112",24.9,-25.1,0,17,0,7,403,33,1
"E1113",34.66,-15.34,0,19,1,7.3,377,34,1
"E1114",25.65,-24.35,0,20,0,7.8,486,30,1
"E1115",69.23,19.23,1,17,0,8.1,326,37,0
"E1116",11.6,-38.4,0,20,0,8,461,34,1
"E1117",80.5,30.5,1,18,1,7.2,281,27,1
"E1118",76.7,26.7,1,19,0,7.5,378,27,1
"E1119",14.59,-35.41,0,18,1,7.2,447,30,1
"E1120",11.07,-38.93,0,18,1,6.7,387,26,1
"E1121",89.34,39.34,1,19,0,6.7,229,33,1
"E1122",32.81,-17.19,0,17,1,7.1,414,33,0
"E1123",81.26,31.26,1,20,0,6.5,280,33,1
"E1124",48.02,-1.98,0,19,1,7.1,415,38,1
"E1125",70.88,20.88,1,18,1,7.1,276,29,1
"E1126",34.42,-15.58,0,17,0,9.4,448,35,1
"E1127",50.09,0.0900000000000034,1,19,0,6.8,419,33,0
"E1128",61.66,11.66,1,18,1,8.9,444,31,1
"E1129",44.48,-5.52,0,17,0,8.9,389,32,0
"E1130",40.52,-9.48,0,19,0,7,420,34,1
"E1131",49.92,-0.0799999999999983,0,18,0,8.8,369,32,0
"E1132",19.13,-30.87,0,18,0,8.6,464,24,0
"E1133",85.38,35.38,1,19,1,7.2,297,17,0
"E1134",60.73,10.73,1,18,0,6.1,307,22,1
"E1135",63.8,13.8,1,20,0,5.3,380,42,1
"E1136",72.42,22.42,1,18,1,6.9,289,30,1
"E1137",89.67,39.67,1,18,1,7.5,247,30,1
"E1138",77.39,27.39,1,19,1,6.9,363,36,1
"E1139",49.82,-0.18,0,17,1,5.3,385,26,0
"E1140",36.96,-13.04,0,19,0,7.5,379,35,1
"E1141",11.29,-38.71,0,17,1,8.5,483,35,0
"E1142",50.41,0.409999999999997,1,20,0,6.1,391,33,0
"E1143",88.59,38.59,1,19,1,5.7,297,31,0
"E1144",67.96,17.96,1,18,1,8.1,357,31,1
"E1145",66.73,16.73,1,20,1,6.2,371,35,1
"E1146",49.13,-0.869999999999997,0,17,0,6.4,315,39,0
"E1147",76.89,26.89,1,19,0,6.6,352,22,1
"E1148",38.96,-11.04,0,17,0,8.1,501,33,1
"E1149",54.84,4.84,1,20,0,6.8,290,30,1
"E1150",69.79,19.79,1,20,0,9.1,367,31,1
"E1151",89.13,39.13,1,18,1,6.5,176,34,0
"E1152",64.21,14.21,1,18,0,7.3,321,37,1
"E1153",51.5,1.5,1,17,0,7.2,397,38,1
"E1154",35.11,-14.89,0,18,0,6.3,474,29,1
"E1155",61.3,11.3,1,20,0,9,301,32,1
"E1156",46.78,-3.22,0,18,0,9.1,418,33,1
"E1157",22.48,-27.52,0,19,1,7.9,395,26,0
"E1158",82.27,32.27,1,18,0,8.4,248,27,1
"E1159",85.66,35.66,1,18,1,6.7,428,30,1
"E1160",53.35,3.35,1,17,0,9,283,34,1
"E1161",73.05,23.05,1,19,1,8.9,439,27,1
"E1162",23.43,-26.57,0,19,1,8.4,417,29,0
"E1163",58.93,8.93,1,20,1,5.3,389,40,1
"E1164",48.39,-1.61,0,20,1,9.3,380,21,0
"E1165",28.97,-21.03,0,20,1,8.7,432,26,1
"E1166",14.69,-35.31,0,18,1,9.6,502,27,0
"E1167",83.15,33.15,1,19,0,7.6,250,28,1
"E1168",26.68,-23.32,0,18,1,8.2,424,31,1
"E1169",54.96,4.96,1,18,1,6.2,297,40,1
"E1170",37.78,-12.22,0,20,1,6.3,371,39,1
"E1171",83.63,33.63,1,19,0,8.1,373,25,0
"E1172",85.87,35.87,1,19,1,6.9,359,27,1
"E1173",72.66,22.66,1,20,1,6.9,304,40,1
"E1174",53.18,3.18,1,20,1,7.3,344,41,0
"E1175",61.75,11.75,1,18,1,6.5,322,42,1
"E1176",78.1,28.1,1,18,0,7.7,329,25,1
"E1177",71.91,21.91,1,18,1,6.7,287,30,1
"E1178",73.95,23.95,1,19,0,5.7,383,38,1
"E1179",82.97,32.97,1,17,1,7.2,297,25,0
"E1180",16.15,-33.85,0,18,1,7.2,425,38,1
"E1181",85.75,35.75,1,17,1,5.3,364,36,1
"E1182",30.33,-19.67,0,19,1,8,556,32,1
"E1183",76.48,26.48,1,19,1,9.3,300,31,1
"E1184",53.5,3.5,1,18,0,7,424,33,1
"E1185",50.9,0.899999999999999,1,18,0,8,351,31,1
"E1186",45.52,-4.48,0,19,1,7.5,301,18,1
"E1187",32.39,-17.61,0,18,1,9.3,337,34,1
"E1188",14,-36,0,19,1,8.1,467,32,1
"E1189",16.92,-33.08,0,18,1,7.9,478,36,1
"E1190",18.97,-31.03,0,18,1,8.4,474,26,1
"E1191",16.72,-33.28,0,18,0,7.3,434,28,0
"E1192",65.07,15.07,1,19,0,8.4,308,37,1
"E1193",10.51,-39.49,0,20,1,7,504,33,1
"E1194",35.26,-14.74,0,18,1,9,316,24,1
"E1195",18.09,-31.91,0,20,0,7.5,284,19,0
"E1196",33.05,-16.95,0,19,0,7.8,457,31,0
"E1197",78.35,28.35,1,20,1,7.5,281,36,1
"E1198",39.02,-10.98,0,20,0,8.4,485,35,1
"E1199",85,35,1,20,1,5.8,295,27,1
"E1200",50.81,0.810000000000002,1,17,1,6.2,351,30,1
"E1201",14.04,-35.96,0,18,0,8,422,36,1
"E1202",15.39,-34.61,0,17,1,8,413,27,1
"E1203",21.6,-28.4,0,18,0,7.7,410,33,0
"E1204",64.53,14.53,1,19,0,7.1,366,23,1
"E1205",24.96,-25.04,0,18,1,8.3,459,41,1
"E1206",12.53,-37.47,0,19,1,8.5,426,31,1
"E1207",88.28,38.28,1,19,1,6.9,207,30,1
"E1208",21.45,-28.55,0,19,0,7.9,522,33,0
"E1209",17.3,-32.7,0,17,1,9.6,342,24,1
"E1210",21.85,-28.15,0,19,1,6.8,526,34,1
"E1211",58.93,8.93,1,18,1,7,443,33,1
"E1212",36.77,-13.23,0,18,1,7.6,480,42,0
"E1213",64.4,14.4,1,18,1,6.6,313,34,1
"E1214",31.65,-18.35,0,20,0,8.1,463,32,0
"E1215",23.09,-26.91,0,19,1,8.2,437,28,0
"E1216",22.04,-27.96,0,19,0,6.7,443,36,1
"E1217",33.55,-16.45,0,19,1,8.8,332,20,0
"E1218",52.8,2.8,1,19,0,6.6,257,30,1
"E1219",38.41,-11.59,0,18,0,7.5,479,33,1
"E1220",14.84,-35.16,0,20,1,6.9,457,38,0
"E1221",37.14,-12.86,0,18,1,7,452,31,1
"E1222",26.76,-23.24,0,18,1,7.9,356,35,1
"E1223",19.42,-30.58,0,17,0,6.2,369,29,1
"E1224",70.22,20.22,1,18,0,7,339,24,1
"E1225",40.66,-9.34,0,17,0,7.5,383,29,0
"E1226",23.88,-26.12,0,18,1,7.2,451,21,1
"E1227",53.45,3.45,1,17,0,6.5,432,33,0
"E1228",55.16,5.16,1,19,0,7.2,310,39,1
"E1229",85.89,35.89,1,19,1,7.3,332,25,1
"E1230",86.32,36.32,1,17,1,6.9,243,33,1
"E1231",83.74,33.74,1,19,0,7.7,337,20,1
"E1232",31.43,-18.57,0,17,1,6,450,35,0
"E1233",64.84,14.84,1,17,1,7.8,402,34,0
"E1234",56.47,6.47,1,18,1,8.7,363,31,1
"E1235",83.88,33.88,1,17,1,6.6,302,36,1
"E1236",50.57,0.57,1,18,1,9.1,352,26,1
"E1237",64.37,14.37,1,18,0,6.8,354,29,1
"E1238",66.69,16.69,1,18,1,6.4,303,34,1
"E1239",16.76,-33.24,0,18,0,7.8,424,29,1
"E1240",23.27,-26.73,0,17,0,7.9,400,34,1
"E1241",89.49,39.49,1,18,1,9.1,248,33,0
"E1242",55.04,5.04,1,17,0,9.5,384,34,1
"E1243",46.63,-3.37,0,17,1,7.6,346,22,1
"E1244",63.06,13.06,1,19,0,6.9,424,40,1
"E1245",46,-4,0,18,1,7,390,24,1
"E1246",37.95,-12.05,0,17,0,8.3,367,34,1
"E1247",25.91,-24.09,0,19,1,7.8,421,29,1
"E1248",43.69,-6.31,0,18,0,6.2,397,21,1
"E1249",27.07,-22.93,0,20,1,6.5,453,25,0
"E1250",82.64,32.64,1,18,0,7.6,317,31,1
"E1251",73.19,23.19,1,18,1,7.8,272,30,1
"E1252",34.46,-15.54,0,17,0,7.5,470,29,0
"E1253",12.65,-37.35,0,17,1,8.4,497,40,1
"E1254",19.8,-30.2,0,17,0,8,412,28,1
"E1255",44.51,-5.49,0,20,0,6.7,393,32,1
"E1256",27.69,-22.31,0,19,0,7.8,433,38,0
"E1257",21.03,-28.97,0,18,0,7.5,505,38,1
"E1258",51.08,1.08,1,17,0,6.4,345,48,1
"E1259",70.09,20.09,1,18,0,7.1,351,29,1
"E1260",41.25,-8.75,0,18,0,6.9,439,18,1
"E1261",85.26,35.26,1,19,0,7.3,230,31,1
"E1262",47.84,-2.16,0,20,0,7.3,514,33,0
"E1263",60.91,10.91,1,19,0,7.8,431,39,1
"E1264",43.7,-6.3,0,17,0,7.7,327,35,1
"E1265",86.71,36.71,1,17,1,6.6,270,32,1
"E1266",82.79,32.79,1,19,1,9.2,458,27,1
"E1267",58.18,8.18,1,20,1,8.3,360,30,1
"E1268",86.35,36.35,1,18,1,5.8,261,30,1
"E1269",52.06,2.06,1,19,0,7.3,486,28,1
"E1270",12.41,-37.59,0,20,1,7.6,520,30,1
"E1271",49.07,-0.93,0,20,0,6.8,375,37,0
"E1272",75.56,25.56,1,18,0,7.2,304,26,1
"E1273",25.98,-24.02,0,19,1,8,440,23,0
"E1274",30.21,-19.79,0,18,1,7.3,434,23,0
"E1275",67.03,17.03,1,18,1,6.7,258,40,1
"E1276",31.18,-18.82,0,20,1,7.4,422,34,1
"E1277",40.31,-9.69,0,20,1,7.7,458,29,1
"E1278",80.97,30.97,1,20,0,6.7,309,25,1
"E1279",26.7,-23.3,0,20,1,7.4,496,24,0
"E1280",74.38,24.38,1,18,1,6.9,307,28,1
"E1281",62.46,12.46,1,18,1,5.4,294,37,1
"E1282",43.88,-6.12,0,19,0,9.9,411,27,1
"E1283",41.67,-8.33,0,18,0,8.5,287,25,1
"E1284",23.02,-26.98,0,19,1,5.8,354,19,1
"E1285",88.49,38.49,1,20,1,5.8,242,22,1
"E1286",27.45,-22.55,0,18,1,7.9,311,27,0
"E1287",51.96,1.96,1,18,1,5.7,318,28,1
"E1288",77.38,27.38,1,20,1,6.3,336,28,0
"E1289",12.17,-37.83,0,18,1,6.1,420,32,1
"E1290",59.26,9.26,1,17,0,7.4,402,39,1
"E1291",10.89,-39.11,0,20,0,9,539,37,0
"E1292",48.4,-1.6,0,17,0,7.5,495,32,1
"E1293",70.64,20.64,1,18,1,6.5,263,33,0
"E1294",28.25,-21.75,0,17,1,7.3,388,24,1
"E1295",73.19,23.19,1,19,0,5.9,291,26,1
"E1296",82.58,32.58,1,19,0,9.6,334,24,1
"E1297",33.5,-16.5,0,18,1,8.7,398,26,1
"E1298",43.09,-6.91,0,19,0,6.6,489,30,0
"E1299",12.97,-37.03,0,17,0,7.1,468,29,1
"E1300",67.67,17.67,1,18,0,5.8,382,34,1
"E1301",76.6,26.6,1,18,0,4.5,328,32,0
"E1302",86.46,36.46,1,19,1,5.4,340,34,1
"E1303",28.19,-21.81,0,18,0,7.8,420,25,1
"E1304",21.97,-28.03,0,18,1,7.5,556,27,1
"E1305",65.61,15.61,1,17,1,7.8,330,28,1
"E1306",58.07,8.07,1,18,1,8.3,505,35,0
"E1307",32.73,-17.27,0,20,0,7.1,417,29,1
"E1308",46.71,-3.29,0,20,0,6.5,360,27,1
"E1309",29.03,-20.97,0,17,1,7.9,460,32,1
"E1310",57.72,7.72,1,17,1,6.9,299,36,0
"E1311",81.66,31.66,1,18,1,6.7,246,25,1
"E1312",75.64,25.64,1,20,1,6.2,268,37,1
"E1313",11.31,-38.69,0,19,1,7.5,457,35,1
"E1314",13.79,-36.21,0,19,0,7.9,416,27,1
"E1315",59.13,9.13,1,17,0,6.7,409,34,1
"E1316",77.1,27.1,1,17,0,5.3,335,23,1
"E1317",78.17,28.17,1,18,1,6.5,384,30,1
"E1318",84.66,34.66,1,19,0,6.9,261,32,1
"E1319",17.44,-32.56,0,18,0,7.4,539,27,1
"E1320",31.92,-18.08,0,17,1,7,362,27,1
"E1321",88.53,38.53,1,20,0,6.7,417,31,1
"E1322",65.01,15.01,1,19,1,8.7,279,31,1
"E1323",42.26,-7.74,0,19,1,6.7,307,27,1
"E1324",60.49,10.49,1,20,0,9,335,28,1
"E1325",84.4,34.4,1,18,1,6.7,297,34,1
"E1326",77.78,27.78,1,19,0,8.9,217,37,1
"E1327",81.78,31.78,1,19,1,7.7,367,34,1
"E1328",50.71,0.710000000000001,1,18,1,8.1,344,35,1
"E1329",24.7,-25.3,0,19,0,7.9,377,36,1
"E1330",44.67,-5.33,0,19,1,8.9,361,26,1
"E1331",40.13,-9.87,0,20,1,7,421,27,1
"E1332",11.43,-38.57,0,18,1,6.8,543,35,1
"E1333",67,17,1,19,0,8.1,425,33,1
"E1334",43.89,-6.11,0,18,1,8.3,335,23,0
"E1335",38.84,-11.16,0,19,0,8,374,35,1
"E1336",20.3,-29.7,0,17,0,7.8,400,27,1
"E1337",11.7,-38.3,0,18,1,7.4,467,28,1
"E1338",41.42,-8.58,0,20,1,7.2,386,25,1
"E1339",69.75,19.75,1,19,0,8.7,276,32,1
"E1340",23.67,-26.33,0,17,1,8.9,476,28,1
"E1341",75.37,25.37,1,19,1,7.2,427,32,1
"E1342",39.76,-10.24,0,17,0,8.4,354,24,0
"E1343",79.34,29.34,1,19,1,7.1,241,31,1
"E1344",62.34,12.34,1,20,1,8.5,335,28,0
"E1345",56.04,6.04,1,18,0,7.3,396,45,1
"E1346",19.43,-30.57,0,18,0,7.8,424,23,1
"E1347",84.12,34.12,1,19,1,7.2,343,24,1
"E1348",22.16,-27.84,0,19,0,6,424,29,1
"E1349",19.51,-30.49,0,19,0,8.1,498,36,1
"E1350",35.15,-14.85,0,18,0,6.1,417,21,1
"E1351",76.39,26.39,1,20,1,8.2,308,35,1
"E1352",88.17,38.17,1,17,0,7.4,320,37,1
"E1353",33.92,-16.08,0,20,0,6.5,459,28,1
"E1354",63.57,13.57,1,18,1,6.5,361,37,1
"E1355",56.34,6.34,1,19,0,7.7,403,37,1
"E1356",67.49,17.49,1,19,0,9.4,280,26,1
"E1357",53.04,3.04,1,17,1,6,391,39,1
"E1358",15.75,-34.25,0,18,1,8.7,369,35,1
"E1359",30.09,-19.91,0,19,0,7.5,477,36,0
"E1360",79.94,29.94,1,19,0,8.4,304,34,0
"E1361",85.91,35.91,1,19,1,6.4,257,29,1
"E1362",14,-36,0,20,1,8.7,430,32,0
"E1363",86.11,36.11,1,18,1,6.5,235,32,1
"E1364",57.27,7.27,1,18,1,5.6,397,38,1
"E1365",31.23,-18.77,0,18,1,7.9,390,35,1
"E1366",55.12,5.12,1,18,0,8.4,414,42,1
"E1367",69.73,19.73,1,17,1,6.2,289,40,1
"E1368",40.16,-9.84,0,17,0,8.3,377,32,0
"E1369",48.48,-1.52,0,18,0,7.6,286,24,1
"E1370",33.15,-16.85,0,20,1,7.8,456,28,1
"E1371",38.61,-11.39,0,17,1,8,428,27,1
"E1372",10.68,-39.32,0,18,1,9,515,29,0
"E1373",58.68,8.68,1,18,0,7.5,287,36,1
"E1374",58.19,8.19,1,18,1,8.1,326,29,1
"E1375",43.44,-6.56,0,18,0,7.4,368,28,1
"E1376",56.88,6.88,1,17,1,8.9,277,32,1
"E1377",49.32,-0.68,0,18,1,7.9,380,30,1
"E1378",26.19,-23.81,0,18,1,6.8,451,30,1
"E1379",19.28,-30.72,0,17,1,7.5,402,33,1
"E1380",49.93,-0.0700000000000003,0,19,0,6.7,313,34,0
"E1381",73.15,23.15,1,19,0,7.5,360,35,1
"E1382",52.75,2.75,1,19,1,7.6,444,28,0
"E1383",63.86,13.86,1,20,1,8.3,368,36,1
"E1384",48.28,-1.72,0,19,1,5.7,315,16,1
"E1385",16.22,-33.78,0,19,0,6.1,378,29,0
"E1386",15.96,-34.04,0,20,0,7.7,478,29,0
"E1387",84.17,34.17,1,19,1,7.1,354,30,1
"E1388",11.01,-38.99,0,19,0,8.9,437,40,0
"E1389",77.32,27.32,1,19,1,7.8,334,34,0
"E1390",57.41,7.41,1,20,1,9.7,287,45,0
"E1391",87.03,37.03,1,19,1,7.1,327,39,1
"E1392",82.47,32.47,1,18,0,5.5,470,33,1
"E1393",50.88,0.880000000000003,1,18,1,10,365,26,1
"E1394",57.51,7.51,1,18,1,8.8,337,35,1
"E1395",33.96,-16.04,0,17,0,7.8,427,31,1
"E1396",38.21,-11.79,0,17,1,7.2,363,29,1
"E1397",60.44,10.44,1,18,1,7.3,314,34,0
"E1398",45.28,-4.72,0,18,1,7,276,18,1
"E1399",69.23,19.23,1,19,1,8.8,446,32,1
"E1400",31.54,-18.46,0,18,1,7,362,29,0
"E1401",38.03,-11.97,0,19,1,8.7,371,29,1
"E1402",47.82,-2.18,0,19,0,7.2,396,26,1
"E1403",17.51,-32.49,0,18,1,7.8,418,30,1
"E1404",37.1,-12.9,0,20,1,8.2,381,30,1
"E1405",74.38,24.38,1,17,1,6.6,238,16,1
"E1406",14.9,-35.1,0,19,1,8,487,35,1
"E1407",64.98,14.98,1,18,0,7.8,446,38,1
"E1408",76.4,26.4,1,18,0,6.9,366,40,1
"E1409",44.69,-5.31,0,19,0,9.2,396,30,0
"E1410",31.67,-18.33,0,17,0,6.7,485,35,0
"E1411",22.58,-27.42,0,17,1,8.8,467,25,1
"E1412",76.64,26.64,1,19,1,7.5,248,28,1
"E1413",79.92,29.92,1,17,0,9.1,337,28,1
"E1414",85.26,35.26,1,17,0,6.6,225,28,1
"E1415",64.06,14.06,1,18,0,6.4,331,27,1
"E1416",50.15,0.149999999999999,1,18,1,6.9,393,33,1
"E1417",43.74,-6.26,0,20,0,8.6,414,27,1
"E1418",19.03,-30.97,0,17,0,8.9,515,30,1
"E1419",57.47,7.47,1,19,1,7.3,318,44,0
"E1420",24.87,-25.13,0,20,1,7.2,376,25,1
"E1421",66.63,16.63,1,19,1,6.1,282,36,0
"E1422",18.98,-31.02,0,18,1,8.9,444,29,1
"E1423",39.96,-10.04,0,19,0,8.5,305,36,1
"E1424",45.98,-4.02,0,18,0,6.6,423,24,0
"E1425",36.93,-13.07,0,18,1,7.8,473,31,0
"E1426",62.89,12.89,1,20,0,7.5,353,29,1
"E1427",72.54,22.54,1,20,0,8.6,396,37,1
"E1428",14.59,-35.41,0,18,0,7.8,497,37,1
"E1429",17.75,-32.25,0,20,1,9.6,444,23,1
"E1430",72.47,22.47,1,19,1,6.4,361,27,1
"E1431",44.45,-5.55,0,18,1,7.7,396,25,1
"E1432",49.61,-0.390000000000001,0,18,1,5.2,363,25,1
"E1433",69.18,19.18,1,19,1,7.8,312,29,1
"E1434",41.74,-8.26,0,20,0,7,368,30,0
"E1435",12.38,-37.62,0,18,1,8.3,399,35,1
"E1436",36.36,-13.64,0,20,1,10,385,24,1
"E1437",84.69,34.69,1,19,1,4.9,265,30,1
"E1438",75.79,25.79,1,19,0,7.9,326,29,0
"E1439",73.65,23.65,1,18,0,7.9,389,32,1
"E1440",41.82,-8.18,0,19,0,9,425,27,0
"E1441",14.22,-35.78,0,17,1,9,354,37,1
"E1442",41.16,-8.84,0,19,1,7.8,339,31,1
"E1443",30.06,-19.94,0,19,0,7.6,437,35,0
"E1444",87.2,37.2,1,20,0,6.3,398,32,1
"E1445",16.68,-33.32,0,19,1,8.2,421,32,0
"E1446",12.19,-37.81,0,19,1,8.4,506,38,1
"E1447",35.95,-14.05,0,19,1,7.5,498,36,1
"E1448",52.25,2.25,1,17,0,7.8,425,31,1
"E1449",43.67,-6.33,0,18,0,6.5,317,28,0
"E1450",45.12,-4.88,0,17,0,7.5,318,29,1
"E1451",37.71,-12.29,0,19,1,7.1,469,33,1
"E1452",82.9,32.9,1,19,0,7.8,278,26,1
"E1453",58.42,8.42,1,19,0,5.3,341,35,1
"E1454",73.86,23.86,1,19,1,9.2,372,29,0
"E1455",50.39,0.390000000000001,1,20,1,8.2,358,35,1
"E1456",79.2,29.2,1,18,1,6,333,26,1
"E1457",89.4,39.4,1,18,1,6.9,269,26,0
"E1458",82.01,32.01,1,18,1,6.9,337,35,1
"E1459",15.11,-34.89,0,19,1,8.3,500,35,0
"E1460",88.97,38.97,1,17,1,6.3,243,23,1
"E1461",20.1,-29.9,0,18,1,8.8,374,36,1
"E1462",47.8,-2.2,0,18,1,8.3,358,28,1
"E1463",70.77,20.77,1,19,0,6.8,276,29,0
"E1464",25,-25,0,19,0,7.4,443,23,1
"E1465",60.77,10.77,1,18,0,9,348,29,1
"E1466",30.8,-19.2,0,18,1,7.4,456,24,0
"E1467",85.45,35.45,1,20,1,8.3,306,36,1
"E1468",32.37,-17.63,0,19,1,8.9,361,35,1
"E1469",67.35,17.35,1,17,0,8.9,357,28,1
"E1470",28.59,-21.41,0,20,1,7,422,36,1
"E1471",38.91,-11.09,0,18,1,6.7,419,35,0
"E1472",49.46,-0.539999999999999,0,19,0,7.2,481,35,1
"E1473",54.68,4.68,1,19,0,7.9,428,31,1
"E1474",27.34,-22.66,0,18,1,6.6,512,25,1
"E1475",48.17,-1.83,0,18,0,5.6,343,27,0
"E1476",51.45,1.45,1,18,1,6.7,347,27,0
"E1477",33.34,-16.66,0,19,0,8.9,392,36,1
"E1478",70.51,20.51,1,18,1,7.1,301,24,1
"E1479",17.84,-32.16,0,18,1,7.7,385,28,1
"E1480",82.66,32.66,1,18,1,6.7,277,29,1
"E1481",49.55,-0.450000000000003,0,20,0,9.1,375,32,1
"E1482",18.68,-31.32,0,18,0,8.3,425,35,1
"E1483",22.61,-27.39,0,19,1,8.1,300,35,1
"E1484",71.26,21.26,1,19,1,8.6,423,32,1
"E1485",11.98,-38.02,0,18,1,7.7,499,30,1
"E1486",63.55,13.55,1,18,1,7,347,42,1
"E1487",23.35,-26.65,0,19,0,7.7,477,35,0
"E1488",81.62,31.62,1,18,0,7.1,314,26,1
"E1489",17.95,-32.05,0,18,0,6.6,464,34,1
"E1490",47.66,-2.34,0,19,1,7.7,386,27,1
"E1491",60.5,10.5,1,18,1,7.3,455,35,1
"E1492",74.09,24.09,1,17,1,7.7,386,27,1
"E1493",48.08,-1.92,0,18,0,8,480,33,0
"E1494",63.91,13.91,1,17,0,7.7,301,31,1
"E1495",35.76,-14.24,0,19,1,8.1,393,38,1
"E1496",49.71,-0.289999999999999,0,17,1,8.3,267,18,0
"E1497",45.44,-4.56,0,18,0,9.1,307,33,1
"E1498",23.82,-26.18,0,18,0,7.1,462,32,0
"E1499",37.35,-12.65,0,17,0,8.1,510,29,1
"E1500",60.7,10.7,1,19,1,6.2,319,36,1
"E1501",50.68,0.68,1,19,0,7.4,417,33,1
"E1502",69.49,19.49,1,20,1,7.1,374,42,1
"E1503",64.4,14.4,1,18,1,6.9,357,27,1
"E1504",65.35,15.35,1,20,1,6.1,343,32,1
"E1505",38.15,-11.85,0,17,0,9.6,479,37,0
"E1506",42.14,-7.86,0,20,1,8.7,329,25,0
"E1507",36.19,-13.81,0,17,1,7.6,401,29,1
"E1508",29.39,-20.61,0,17,1,6.5,481,35,0
"E1509",65.54,15.54,1,17,1,6.1,376,31,0
"E1510",53.71,3.71,1,19,1,7,391,39,1
"E1511",36.74,-13.26,0,17,0,8.7,400,32,0
"E1512",13.33,-36.67,0,19,0,6.6,429,28,1
"E1513",62.78,12.78,1,18,1,7.2,271,30,0
"E1514",15.88,-34.12,0,19,0,8.5,508,31,1
"E1515",29.47,-20.53,0,18,1,8.3,491,30,0
"E1516",50.28,0.280000000000001,1,19,0,6.6,457,33,1
"E1517",43.67,-6.33,0,20,1,7,366,29,0
"E1518",50.31,0.310000000000002,1,17,0,6.2,388,32,1
"E1519",62.21,12.21,1,18,1,6.8,345,28,1
"E1520",44.77,-5.23,0,20,1,10,288,30,0
"E1521",22.09,-27.91,0,20,0,8.1,450,16,1
"E1522",53.52,3.52,1,18,1,7.4,485,38,1
"E1523",73.44,23.44,1,18,0,8,322,32,0
"E1524",88.52,38.52,1,19,1,6,296,30,1
"E1525",19.95,-30.05,0,18,0,6.9,475,36,1
"E1526",76.96,26.96,1,19,0,6.9,364,37,1
"E1527",19.72,-30.28,0,19,0,7.3,421,39,0
"E1528",38.72,-11.28,0,17,0,7.4,419,31,1
"E1529",48.39,-1.61,0,17,1,8.4,517,39,1
"E1530",47.42,-2.58,0,17,0,5.6,458,25,1
"E1531",24.97,-25.03,0,19,1,9.9,447,35,1
"E1532",36.58,-13.42,0,18,1,6.9,348,24,1
"E1533",86.31,36.31,1,19,1,7.2,234,23,1
"E1534",81.32,31.32,1,18,0,7.2,351,35,1
"E1535",43.15,-6.85,0,18,1,7.5,423,31,0
"E1536",68.74,18.74,1,17,0,7.8,323,27,1
"E1537",60.22,10.22,1,17,1,7.2,382,36,1
"E1538",73.5,23.5,1,19,1,7.7,353,29,0
"E1539",48.21,-1.79,0,18,0,6.7,218,28,0
"E1540",57.65,7.65,1,20,1,9.3,292,34,0
"E1541",18.25,-31.75,0,20,1,7.2,432,35,1
"E1542",24.21,-25.79,0,19,0,8.3,326,32,0
"E1543",41.95,-8.05,0,19,0,6.6,347,39,1
"E1544",83.42,33.42,1,18,0,7.2,384,45,1
"E1545",29.4,-20.6,0,19,0,8.1,333,30,1
"E1546",60.48,10.48,1,19,0,8.1,470,30,0
"E1547",73.96,23.96,1,18,0,6.4,336,20,1
"E1548",48.29,-1.71,0,19,1,7.6,389,25,0
"E1549",56.46,6.46,1,19,1,8.3,347,42,1
"E1550",41.75,-8.25,0,19,1,7.4,495,25,0
"E1551",75.02,25.02,1,19,1,7,250,46,1
"E1552",18.5,-31.5,0,19,1,7.1,493,36,1
"E1553",83.81,33.81,1,18,0,7.3,353,36,1
"E1554",69.93,19.93,1,18,1,7.4,362,23,1
"E1555",38.55,-11.45,0,19,0,8.8,347,27,1
"E1556",28.18,-21.82,0,18,0,8.4,385,25,1
"E1557",37.38,-12.62,0,17,0,8.2,350,30,1
"E1558",85.93,35.93,1,18,1,7.5,281,22,1
"E1559",72.01,22.01,1,19,0,7.4,325,28,1
"E1560",61.64,11.64,1,20,1,6.5,281,35,1
"E1561",83.14,33.14,1,19,0,5.9,239,26,1
"E1562",82.06,32.06,1,18,1,7.8,226,29,1
"E1563",36.38,-13.62,0,18,1,7.5,386,31,0
"E1564",25.3,-24.7,0,18,0,8.5,493,31,1
"E1565",15.53,-34.47,0,18,1,6.5,489,24,1
"E1566",15.64,-34.36,0,19,1,7.3,426,33,0
"E1567",37.84,-12.16,0,18,0,7.2,422,34,1
"E1568",88.25,38.25,1,19,1,6,270,32,1
"E1569",12.39,-37.61,0,19,1,10,463,41,1
"E1570",50.99,0.990000000000002,1,17,0,7.7,498,29,1
"E1571",64.82,14.82,1,20,0,8.5,281,33,1
"E1572",29.47,-20.53,0,18,1,7.9,563,32,1
"E1573",51.45,1.45,1,18,0,7.4,398,32,1
"E1574",16.49,-33.51,0,20,1,8,354,40,1
"E1575",71.31,21.31,1,19,0,8.8,291,33,1
"E1576",73.99,23.99,1,20,0,7.5,333,29,1
"E1577",88.87,38.87,1,19,1,7.2,293,35,1
"E1578",15.64,-34.36,0,19,1,8.5,553,36,0
"E1579",63.23,13.23,1,18,0,7,316,33,1
"E1580",44.92,-5.08,0,18,1,6.6,392,19,1
"E1581",69.57,19.57,1,20,1,8.1,352,31,1
"E1582",39.64,-10.36,0,19,1,6.1,469,35,1
"E1583",13.64,-36.36,0,17,1,7.6,523,38,1
"E1584",62.78,12.78,1,20,0,5.9,405,28,0
"E1585",66.31,16.31,1,20,1,7.2,328,31,1
"E1586",27.33,-22.67,0,17,1,6.5,457,29,1
"E1587",26.78,-23.22,0,19,0,8.4,424,35,0
"E1588",69.38,19.38,1,17,0,5.5,276,33,1
"E1589",72.42,22.42,1,18,1,7.9,425,37,1
"E1590",39.56,-10.44,0,19,1,6.9,448,30,1
"E1591",46.6,-3.4,0,18,0,8.5,270,28,0
"E1592",59.05,9.05,1,19,1,5.9,338,37,0
"E1593",45.23,-4.77,0,18,0,7.6,401,20,0
"E1594",71.67,21.67,1,20,0,7.2,394,33,1
"E1595",43.62,-6.38,0,20,1,8,382,32,0
"E1596",76.04,26.04,1,18,1,7.8,339,20,1
"E1597",45.65,-4.35,0,20,1,7.6,411,30,0
"E1598",40.57,-9.43,0,20,0,7.8,532,33,0
"E1599",72.13,22.13,1,19,0,7.3,269,35,1
"E1600",47.11,-2.89,0,20,0,7.6,408,21,1
"E1601",50.39,0.390000000000001,1,19,0,9.1,351,30,1
"E1602",65.42,15.42,1,18,0,6.5,176,36,1
"E1603",10.53,-39.47,0,18,1,8.7,513,31,1
"E1604",59.37,9.37,1,20,1,5.6,332,34,1
"E1605",43.27,-6.73,0,18,0,6.9,423,30,1
"E1606",78.18,28.18,1,18,1,7,294,24,1
"E1607",15.21,-34.79,0,18,0,8.9,484,29,0
"E1608",14.95,-35.05,0,18,0,9.9,441,35,1
"E1609",86.17,36.17,1,17,0,8.1,355,31,0
"E1610",21.72,-28.28,0,18,1,7.3,401,34,1
"E1611",42.04,-7.96,0,18,0,7.1,456,29,1
"E1612",68.95,18.95,1,19,0,7,332,21,1
"E1613",66.5,16.5,1,20,0,5.5,408,38,0
"E1614",84.73,34.73,1,18,1,6.9,294,31,1
"E1615",77.56,27.56,1,19,0,5.4,374,32,1
"E1616",82.64,32.64,1,19,0,6,391,34,1
"E1617",63.97,13.97,1,17,0,7.4,261,43,1
"E1618",42.6,-7.4,0,17,0,8.1,391,31,0
"E1619",67.12,17.12,1,17,0,8.2,331,35,1
"E1620",77.42,27.42,1,18,0,7.6,342,26,1
"E1621",78.82,28.82,1,18,1,8.6,317,31,0
"E1622",48.8,-1.2,0,20,1,7.9,333,23,1
"E1623",16.18,-33.82,0,19,0,6.7,432,37,0
"E1624",78.33,28.33,1,18,1,6.4,304,31,1
"E1625",71.11,21.11,1,17,0,8,314,35,1
"E1626",59.26,9.26,1,17,1,8,342,35,1
"E1627",52.82,2.82,1,18,0,6.7,378,26,1
"E1628",24.12,-25.88,0,19,1,9.6,453,32,1
"E1629",30.88,-19.12,0,20,1,6.6,477,35,1
"E1630",30.05,-19.95,0,18,1,6.8,385,28,1
"E1631",62.9,12.9,1,20,0,6.9,320,27,1
"E1632",56.97,6.97,1,18,1,7,406,37,1
"E1633",42.99,-7.01,0,18,0,7.4,332,23,0
"E1634",72.05,22.05,1,19,0,6.5,265,28,1
"E1635",67.88,17.88,1,18,1,7.9,419,32,1
"E1636",32.77,-17.23,0,17,0,7.6,500,30,1
"E1637",21.65,-28.35,0,18,1,8.5,454,34,1
"E1638",59.2,9.2,1,18,1,7.9,445,42,1
"E1639",38.82,-11.18,0,20,1,8,453,23,1
"E1640",39.29,-10.71,0,18,1,8,345,31,0
"E1641",49.98,-0.0200000000000031,0,19,1,7.9,365,28,1
"E1642",20.34,-29.66,0,20,0,8.7,450,27,1
"E1643",24.01,-25.99,0,17,0,8.6,433,29,1
"E1644",44.5,-5.5,0,18,0,6.3,438,20,0
"E1645",57.36,7.36,1,17,0,7.3,307,21,1
"E1646",60.38,10.38,1,20,1,6.6,403,34,0
"E1647",85.15,35.15,1,18,0,6.2,353,29,1
"E1648",26.86,-23.14,0,18,0,7.7,408,27,1
"E1649",63.02,13.02,1,19,1,7.8,303,40,1
"E1650",30.96,-19.04,0,17,0,8.2,525,32,0
"E1651",53.14,3.14,1,17,1,6.8,232,44,1
"E1652",82.82,32.82,1,18,0,6.7,284,32,1
"E1653",71.27,21.27,1,17,1,7.7,270,25,1
"E1654",28.92,-21.08,0,20,1,7.7,348,34,1
"E1655",84.69,34.69,1,17,1,8,350,30,1
"E1656",85.15,35.15,1,20,0,6.9,260,26,1
"E1657",25.19,-24.81,0,19,0,7.3,448,34,0
"E1658",63.13,13.13,1,19,0,7.8,300,25,1
"E1659",83.57,33.57,1,18,1,8.2,299,30,1
"E1660",50.55,0.549999999999997,1,18,1,8.3,407,30,1
"E1661",36.27,-13.73,0,20,0,8.2,383,22,1
"E1662",23.39,-26.61,0,19,0,8.4,371,24,0
"E1663",58.59,8.59,1,18,0,5.6,329,32,1
"E1664",68.57,18.57,1,18,0,6.2,380,37,1
"E1665",45.67,-4.33,0,19,1,9.4,413,27,0
"E1666",36.45,-13.55,0,19,1,7.8,347,33,1
"E1667",82.46,32.46,1,19,1,6.8,218,30,1
"E1668",49.19,-0.810000000000002,0,18,1,9.5,496,17,0
"E1669",71.02,21.02,1,17,0,6.6,287,23,1
"E1670",43.68,-6.32,0,19,0,7.7,357,33,1
"E1671",51.53,1.53,1,18,0,9.2,376,31,1
"E1672",65.58,15.58,1,19,0,9.1,361,31,1
"E1673",33.77,-16.23,0,18,0,6.9,465,23,1
"E1674",49.45,-0.549999999999997,0,19,1,7,317,35,1
"E1675",17.69,-32.31,0,19,1,7.3,622,27,1
"E1676",25.37,-24.63,0,18,1,8.8,512,31,1
"E1677",15.34,-34.66,0,20,1,7.6,535,32,1
"E1678",26.63,-23.37,0,20,1,6.4,517,42,1
"E1679",64.9,14.9,1,19,0,6.2,328,31,1
"E1680",46.48,-3.52,0,17,0,8.4,434,26,0
"E1681",53.24,3.24,1,19,1,6.6,288,32,1
"E1682",76.29,26.29,1,19,1,8,353,28,0
"E1683",33.61,-16.39,0,17,1,7.4,471,28,1
"E1684",21.56,-28.44,0,19,0,10,489,33,1
"E1685",78.65,28.65,1,19,1,6.7,294,38,1
"E1686",15.6,-34.4,0,19,1,7.6,495,29,1
"E1687",53.54,3.54,1,19,1,5.6,310,30,1
"E1688",34.7,-15.3,0,18,1,6.4,404,28,1
"E1689",33.7,-16.3,0,17,0,9.7,394,28,0
"E1690",66.7,16.7,1,20,1,5.2,310,28,1
"E1691",44.41,-5.59,0,18,0,9.2,368,31,1
"E1692",71.52,21.52,1,17,0,7.7,383,38,1
"E1693",14.73,-35.27,0,19,0,6.9,413,37,1
"E1694",21.95,-28.05,0,19,0,7.2,537,36,1
"E1695",23.7,-26.3,0,20,1,7.4,443,39,0
"E1696",66.15,16.15,1,18,1,7.2,266,31,1
"E1697",62.16,12.16,1,17,0,6.7,354,33,1
"E1698",45.22,-4.78,0,19,1,7.6,422,28,0
"E1699",42.8,-7.2,0,19,1,7.5,354,25,1
"E1700",86.81,36.81,1,19,1,8.2,277,28,1
"E1701",35.9,-14.1,0,19,0,7.4,404,19,0
"E1702",88.96,38.96,1,18,1,6.3,315,31,1
"E1703",28.25,-21.75,0,19,1,6.3,383,31,0
"E1704",43.35,-6.65,0,18,0,8,355,34,1
"E1705",56.9,6.9,1,18,0,7.5,384,28,1
"E1706",50.58,0.579999999999998,1,20,0,6.1,426,35,1
"E1707",70.87,20.87,1,17,1,5.6,344,24,1
"E1708",75.96,25.96,1,20,0,6.9,330,30,1
"E1709",53.07,3.07,1,20,0,8.4,393,37,1
"E1710",80.8,30.8,1,18,0,5.2,377,30,0
"E1711",54.35,4.35,1,20,0,8.5,392,29,1
"E1712",79.04,29.04,1,19,1,5.2,310,27,1
"E1713",57.8,7.8,1,18,1,7.6,369,32,1
"E1714",68.26,18.26,1,19,1,7.3,275,29,1
"E1715",24.6,-25.4,0,18,0,8.3,406,26,0
"E1716",12.54,-37.46,0,17,0,7.7,460,24,1
"E1717",41.67,-8.33,0,19,1,8.5,409,18,1
"E1718",89.59,39.59,1,19,0,5.8,223,41,1
"E1719",25.24,-24.76,0,17,0,6.9,367,35,1
"E1720",80.17,30.17,1,20,1,6.9,353,28,1
"E1721",39.26,-10.74,0,18,1,8.7,502,28,1
"E1722",58.43,8.43,1,19,0,7.7,457,26,1
"E1723",42.61,-7.39,0,18,1,7.3,423,26,1
"E1724",68.91,18.91,1,19,1,6,291,30,1
"E1725",87.06,37.06,1,20,0,7.2,201,31,0
"E1726",11.97,-38.03,0,18,1,6.9,412,35,1
"E1727",30.13,-19.87,0,17,0,5.3,458,32,1
"E1728",44.05,-5.95,0,19,1,8,341,22,1
"E1729",58.64,8.64,1,17,0,6.6,411,28,0
"E1730",32.11,-17.89,0,18,0,8.7,463,34,1
"E1731",62.02,12.02,1,19,0,8.5,397,30,1
"E1732",74.67,24.67,1,19,1,7.2,339,23,1
"E1733",12.64,-37.36,0,18,0,10,548,25,1
"E1734",62.51,12.51,1,20,0,6.3,415,29,1
"E1735",36.69,-13.31,0,19,0,7.5,330,28,1
"E1736",31.22,-18.78,0,17,0,8.7,414,30,0
"E1737",12.47,-37.53,0,18,1,7.8,405,39,1
"E1738",37.15,-12.85,0,20,0,8.8,456,27,1
"E1739",31.99,-18.01,0,17,1,9,392,19,1
"E1740",85.25,35.25,1,19,0,7.7,300,26,1
"E1741",86.44,36.44,1,19,1,6.8,339,24,1
"E1742",88.92,38.92,1,19,1,7.2,374,33,0
"E1743",54.14,4.14,1,17,1,7.7,390,28,1
"E1744",76.83,26.83,1,18,0,7.6,175,21,1
"E1745",46.84,-3.16,0,18,1,8.1,356,28,0
"E1746",10.92,-39.08,0,19,1,7,481,29,1
"E1747",59.07,9.07,1,18,0,8,380,38,1
"E1748",76.12,26.12,1,17,0,7,265,34,1
"E1749",47.74,-2.26,0,18,0,8.1,299,29,0
"E1750",58.89,8.89,1,19,1,7.6,321,34,1
"E1751",20.12,-29.88,0,17,1,8.9,493,30,1
"E1752",56.43,6.43,1,19,0,8,298,33,1
"E1753",21.65,-28.35,0,18,1,7.9,479,31,1
"E1754",16.43,-33.57,0,20,1,7.8,460,25,0
"E1755",40.75,-9.25,0,19,1,8.7,342,28,1
"E1756",35.77,-14.23,0,18,0,6.4,480,25,1
"E1757",74.96,24.96,1,18,0,10,355,33,1
"E1758",73.05,23.05,1,18,0,6.4,407,24,1
"E1759",79.87,29.87,1,18,1,7.8,302,27,1
"E1760",89.92,39.92,1,18,0,7.3,387,26,1
"E1761",81.51,31.51,1,18,1,7.2,220,27,1
"E1762",27.9,-22.1,0,19,0,9.2,434,34,0
"E1763",74.14,24.14,1,17,1,5,254,35,1
"E1764",81.79,31.79,1,18,0,5.8,357,35,1
"E1765",17.32,-32.68,0,20,0,7.3,512,30,1
"E1766",79.18,29.18,1,20,1,7.2,358,37,1
"E1767",59.23,9.23,1,19,0,6.6,451,32,1
"E1768",72.97,22.97,1,19,1,7.1,323,30,1
"E1769",37.3,-12.7,0,17,0,10,387,32,0
"E1770",47.99,-2.01,0,19,0,6.6,359,30,0
"E1771",39.79,-10.21,0,20,0,7.1,360,32,1
"E1772",60.79,10.79,1,20,0,5.3,354,35,1
"E1773",62.25,12.25,1,18,0,7.5,417,35,1
"E1774",60.03,10.03,1,17,1,8.5,295,31,1
"E1775",20.47,-29.53,0,18,1,8.6,380,29,1
"E1776",29.72,-20.28,0,17,0,9.4,498,30,1
"E1777",27.54,-22.46,0,18,0,6.2,450,26,1
"E1778",39.87,-10.13,0,19,0,7.9,513,27,1
"E1779",22.72,-27.28,0,20,0,7.7,416,31,1
"E1780",61.06,11.06,1,17,0,7.2,419,37,0
"E1781",49.61,-0.390000000000001,0,19,1,9.2,325,33,0
"E1782",89.45,39.45,1,19,1,7,300,31,1
"E1783",73.98,23.98,1,18,0,6.8,412,28,1
"E1784",70.52,20.52,1,19,0,7.1,391,31,1
"E1785",86.29,36.29,1,19,0,4.9,282,30,1
"E1786",43.8,-6.2,0,18,1,6.5,284,34,1
"E1787",15.86,-34.14,0,19,0,7.8,473,18,0
"E1788",84.6,34.6,1,17,0,6,349,34,1
"E1789",15.31,-34.69,0,20,0,10,448,35,1
"E1790",71.54,21.54,1,19,0,5.2,422,35,1
"E1791",37.1,-12.9,0,19,1,7.8,449,16,1
"E1792",62.67,12.67,1,17,0,8.6,296,31,1
"E1793",37.56,-12.44,0,19,1,6.8,477,24,1
"E1794",77.18,27.18,1,18,0,6.4,261,28,1
"E1795",10.79,-39.21,0,19,0,7.1,414,40,0
"E1796",53.81,3.81,1,20,1,7.9,331,40,1
"E1797",79.87,29.87,1,17,1,5.8,379,29,1
"E1798",75.11,25.11,1,18,0,6.6,270,30,1
"E1799",82.72,32.72,1,19,1,6.8,359,30,1
"E1800",49.13,-0.869999999999997,0,19,0,7.1,335,30,1
"E1801",62.26,12.26,1,18,1,7.6,426,28,1
"E1802",31.09,-18.91,0,18,0,7.7,341,24,1
"E1803",51.66,1.66,1,17,0,6.1,394,35,1
"E1804",56.17,6.17,1,20,0,7.3,321,40,1
"E1805",80.47,30.47,1,18,1,8.2,341,30,1
"E1806",86.99,36.99,1,17,1,6.1,350,26,1
"E1807",31.09,-18.91,0,17,0,7.5,468,29,1
"E1808",13.99,-36.01,0,18,0,8.2,435,36,1
"E1809",27.89,-22.11,0,20,0,8.1,395,31,0
"E1810",23.66,-26.34,0,19,1,9.5,407,28,1
"E1811",12.9,-37.1,0,19,1,8.3,497,46,0
"E1812",28.67,-21.33,0,19,0,5.8,470,33,1
"E1813",65.86,15.86,1,19,1,7.2,394,29,1
"E1814",21.59,-28.41,0,19,0,8.7,492,26,1
"E1815",70.6,20.6,1,18,0,8.1,353,26,1
"E1816",57.68,7.68,1,19,0,8.9,319,34,1
"E1817",72.51,22.51,1,18,1,10,308,33,1
"E1818",59.6,9.6,1,17,0,5.9,369,23,1
"E1819",53.15,3.15,1,17,1,7.6,516,19,0
"E1820",77.31,27.31,1,20,0,7.3,401,35,1
"E1821",12.97,-37.03,0,19,0,8.1,533,41,1
"E1822",78.74,28.74,1,17,1,6,317,34,0
"E1823",67.58,17.58,1,19,0,7.1,370,25,1
"E1824",32.32,-17.68,0,19,0,8.1,529,25,1
"E1825",65.03,15.03,1,19,0,8.8,391,26,1
"E1826",66.47,16.47,1,18,1,7.4,440,32,1
"E1827",42.09,-7.91,0,19,0,8,333,32,0
"E1828",41.18,-8.82,0,19,1,9.3,378,26,0
"E1829",80.44,30.44,1,19,1,6.6,371,41,1
"E1830",11.99,-38.01,0,17,0,7.5,413,36,1
"E1831",66.43,16.43,1,17,1,8.3,367,31,1
"E1832",83.64,33.64,1,19,1,4.6,225,20,1
"E1833",23.85,-26.15,0,18,0,7.5,457,37,1
"E1834",34.66,-15.34,0,20,0,6.5,390,32,1
"E1835",65.16,15.16,1,17,0,8,364,31,1
"E1836",28.82,-21.18,0,17,1,5.8,443,17,1
"E1837",25.43,-24.57,0,19,1,7.2,443,38,1
"E1838",62.29,12.29,1,19,1,7.4,450,34,1
"E1839",82.44,32.44,1,17,0,7.7,253,30,0
"E1840",17.2,-32.8,0,19,1,8.3,519,38,1
"E1841",57.53,7.53,1,17,1,5.5,310,36,0
"E1842",24.01,-25.99,0,19,1,8.2,434,20,1
"E1843",23.7,-26.3,0,17,0,9.2,529,33,1
"E1844",29.35,-20.65,0,17,0,7.5,450,24,0
"E1845",20.97,-29.03,0,19,1,7.5,374,27,1
"E1846",12.85,-37.15,0,19,1,8.9,431,35,1
"E1847",29.51,-20.49,0,19,1,7.9,324,36,1
"E1848",80.58,30.58,1,17,0,4.3,439,28,1
"E1849",69.86,19.86,1,19,1,6.2,225,39,1
"E1850",40.03,-9.97,0,18,1,6.9,331,31,0
"E1851",86.81,36.81,1,19,0,6.8,250,25,1
"E1852",59.26,9.26,1,19,1,7.4,409,39,0
"E1853",23.87,-26.13,0,19,0,6.4,399,30,1
"E1854",66.4,16.4,1,17,0,6.9,326,43,1
"E1855",57.29,7.29,1,17,1,7,419,32,1
"E1856",68.13,18.13,1,19,1,9.3,228,38,1
"E1857",59.25,9.25,1,20,0,6.8,325,40,0
"E1858",12.37,-37.63,0,18,0,7,475,38,1
"E1859",52.41,2.41,1,20,1,9.3,394,28,1
"E1860",45.01,-4.99,0,20,1,8.4,348,32,1
"E1861",57.48,7.48,1,18,1,6.9,355,33,1
"E1862",78.94,28.94,1,20,1,7.3,306,34,0
"E1863",80.33,30.33,1,19,0,7.4,236,32,1
"E1864",13.25,-36.75,0,18,1,8.7,457,41,1
"E1865",19.25,-30.75,0,18,0,6.7,441,32,0
"E1866",53.2,3.2,1,19,0,9.2,389,31,1
"E1867",69.34,19.34,1,19,1,6.2,383,30,1
"E1868",88.27,38.27,1,17,0,6.9,290,25,1
"E1869",72.63,22.63,1,18,0,7.7,363,25,1
"E1870",18.39,-31.61,0,17,1,8.1,387,37,1
"E1871",45.76,-4.24,0,17,1,10,467,31,0
"E1872",61.14,11.14,1,19,1,7.6,300,24,0
"E1873",41.58,-8.42,0,18,0,8.5,399,19,1
"E1874",61.79,11.79,1,20,0,10,353,22,1
"E1875",62.88,12.88,1,18,1,7.3,343,23,1
"E1876",68.52,18.52,1,17,1,6.7,363,31,1
"E1877",29.59,-20.41,0,19,0,8.6,350,29,1
"E1878",29.94,-20.06,0,18,0,8.9,271,28,1
"E1879",21.6,-28.4,0,19,1,6.5,470,31,0
"E1880",43.33,-6.67,0,19,1,8.6,402,30,0
"E1881",17.25,-32.75,0,19,0,9.2,380,27,0
"E1882",36.44,-13.56,0,19,1,8.2,448,24,0
"E1883",30.46,-19.54,0,17,1,5.5,479,29,1
"E1884",64.76,14.76,1,20,1,6.2,306,33,1
"E1885",31.75,-18.25,0,17,1,8.5,389,44,1
"E1886",24.65,-25.35,0,18,1,6.6,461,31,0
"E1887",17.07,-32.93,0,18,1,6.8,407,27,0
"E1888",14.09,-35.91,0,19,1,6.8,493,43,1
"E1889",40.39,-9.61,0,19,0,8.4,355,32,1
"E1890",82.26,32.26,1,19,1,7.1,194,25,1
"E1891",69.86,19.86,1,18,1,8.2,293,35,1
"E1892",15.17,-34.83,0,19,0,8.5,469,31,0
"E1893",81.71,31.71,1,19,1,6,236,21,1
"E1894",38.77,-11.23,0,18,1,6.5,354,31,1
"E1895",41.38,-8.62,0,17,0,9,438,24,1
"E1896",60.82,10.82,1,18,0,8.4,372,35,1
"E1897",61.92,11.92,1,18,0,7.7,331,31,1
"E1898",44.23,-5.77,0,18,1,7.1,457,25,0
"E1899",31.01,-18.99,0,17,1,7.9,367,38,1
"E1900",49.53,-0.469999999999999,0,19,1,6,303,24,0
"E1901",53.5,3.5,1,19,1,6.6,420,37,1
"E1902",57.62,7.62,1,19,1,8.4,387,41,1
"E1903",42.67,-7.33,0,19,1,5.7,401,32,0
"E1904",44.35,-5.65,0,18,1,7.9,427,18,0
"E1905",19.29,-30.71,0,18,0,7.4,426,30,1
"E1906",74.58,24.58,1,17,0,7,322,35,1
"E1907",67.35,17.35,1,19,1,6,262,35,1
"E1908",51.72,1.72,1,17,0,7.3,401,33,1
"E1909",56.99,6.99,1,17,0,6.3,417,32,1
"E1910",76.09,26.09,1,18,0,7.8,357,25,1
"E1911",28.75,-21.25,0,19,1,7.6,448,31,1
"E1912",81.33,31.33,1,17,0,6.3,297,27,1
"E1913",21.79,-28.21,0,18,0,9.3,324,34,1
"E1914",78.79,28.79,1,20,0,8.2,347,41,1
"E1915",60.07,10.07,1,20,1,6.3,390,34,1
"E1916",72.09,22.09,1,20,0,6.5,338,32,1
"E1917",71.77,21.77,1,19,1,7.5,307,25,1
"E1918",38.42,-11.58,0,17,1,6.7,383,35,1
"E1919",78.08,28.08,1,17,0,6.1,376,35,0
"E1920",37.76,-12.24,0,19,1,7.5,325,33,1
"E1921",82.99,32.99,1,18,1,8.8,350,30,1
"E1922",16.62,-33.38,0,19,1,8.1,464,31,1
"E1923",22.18,-27.82,0,19,0,7.7,537,28,1
"E1924",28.87,-21.13,0,19,0,6.3,362,31,1
"E1925",38.09,-11.91,0,19,0,9.5,427,24,1
"E1926",76.55,26.55,1,18,1,8.3,431,32,0
"E1927",80.52,30.52,1,19,0,6.6,327,32,1
"E1928",16.74,-33.26,0,17,1,7,535,27,1
"E1929",28.56,-21.44,0,20,0,8,345,36,1
"E1930",30.25,-19.75,0,17,1,7.3,372,26,1
"E1931",72.66,22.66,1,18,0,8.5,364,40,1
"E1932",13,-37,0,17,1,8.3,451,34,1
"E1933",11.9,-38.1,0,19,0,9.3,466,30,1
"E1934",50.93,0.93,1,18,0,9.3,345,30,1
"E1935",79.78,29.78,1,18,0,6.1,292,37,1
"E1936",21.96,-28.04,0,18,1,7.7,365,39,1
"E1937",74.76,24.76,1,19,1,8.2,341,31,1
"E1938",79.15,29.15,1,18,0,6.6,341,33,1
"E1939",74.72,24.72,1,20,1,7.1,371,35,1
"E1940",42.48,-7.52,0,18,0,7.8,318,35,1
"E1941",83.43,33.43,1,18,1,7.2,235,31,1
"E1942",78.99,28.99,1,18,0,5.6,348,26,1
"E1943",37.52,-12.48,0,19,0,7.3,369,31,1
"E1944",44.34,-5.66,0,18,0,6,441,23,1
"E1945",29.21,-20.79,0,20,1,8.7,279,33,1
"E1946",44.93,-5.07,0,20,0,8.8,447,31,1
"E1947",64.77,14.77,1,19,0,5.8,305,40,1
"E1948",59.48,9.48,1,17,1,6,394,28,1
"E1949",65.94,15.94,1,20,0,8.5,338,26,1
"E1950",79.5,29.5,1,19,0,8.3,365,36,1
"E1951",23.86,-26.14,0,19,0,7.6,428,30,1
"E1952",44.29,-5.71,0,18,1,7.7,420,21,1
"E1953",44.02,-5.98,0,18,1,9.9,259,26,1
"E1954",11.2,-38.8,0,18,1,8.3,598,34,1
"E1955",14.89,-35.11,0,18,0,6.8,380,31,1
"E1956",11.28,-38.72,0,18,0,9.8,440,36,0
"E1957",22.13,-27.87,0,17,1,7,444,39,0
"E1958",10.89,-39.11,0,18,0,6.8,480,38,1
"E1959",45.55,-4.45,0,18,1,7.6,495,24,1
"E1960",42.69,-7.31,0,18,1,8.5,428,19,0
"E1961",53.49,3.49,1,18,0,7.4,329,35,1
"E1962",79.51,29.51,1,19,1,8.3,317,28,1
"E1963",65.67,15.67,1,20,1,6.9,384,35,1
"E1964",79.61,29.61,1,17,0,6.7,274,21,1
"E1965",64.78,14.78,1,19,0,6.9,355,31,1
"E1966",73.86,23.86,1,19,1,7,335,35,1
"E1967",67.94,17.94,1,19,0,4.9,289,30,1
"E1968",38.32,-11.68,0,18,0,6.3,391,30,0
"E1969",47.12,-2.88,0,17,0,7.2,395,32,1
"E1970",35.13,-14.87,0,19,1,8,281,31,1
"E1971",75.19,25.19,1,20,1,7.5,353,32,1
"E1972",50.2,0.200000000000003,1,18,0,9,320,39,1
"E1973",58.61,8.61,1,19,0,7.5,489,32,0
"E1974",52.96,2.96,1,19,1,6,364,40,1
"E1975",48.25,-1.75,0,19,1,7.4,349,28,1
"E1976",28.75,-21.25,0,19,0,8.6,396,28,1
"E1977",79.1,29.1,1,18,0,6.6,412,33,1
"E1978",26.67,-23.33,0,18,1,7.8,389,32,0
"E1979",42.93,-7.07,0,17,1,6.8,443,26,1
"E1980",54.24,4.24,1,18,1,7.1,438,45,1
"E1981",38.05,-11.95,0,19,1,7.4,334,27,0
"E1982",80.35,30.35,1,19,1,6.5,235,34,1
"E1983",13.24,-36.76,0,18,1,6.8,448,32,1
"E1984",63.1,13.1,1,19,0,8.4,357,21,1
"E1985",23.55,-26.45,0,19,1,8.2,451,28,1
"E1986",72.71,22.71,1,17,1,7.1,372,32,1
"E1987",82.42,32.42,1,18,1,6.2,368,31,1
"E1988",69.93,19.93,1,17,1,4.5,411,34,1
"E1989",78.18,28.18,1,18,1,7.4,303,30,1
"E1990",79.44,29.44,1,18,1,7.3,329,32,0
"E1991",42.49,-7.51,0,19,0,6.4,393,27,1
"E1992",26.66,-23.34,0,19,1,8,451,37,0
"E1993",35.1,-14.9,0,19,1,9.8,340,30,1
"E1994",76.63,26.63,1,17,0,6.9,351,30,1
"E1995",54.94,4.94,1,20,1,8,393,39,1
"E1996",35.27,-14.73,0,18,1,9,347,29,1
"E1997",71.1,21.1,1,20,1,6.4,331,29,1
"E1998",52,2,1,18,1,7.4,292,37,1
"E1999",65.29,15.29,1,18,0,7.3,350,33,0
"E2000",61.6,11.6,1,18,0,7.3,401,30,0
